date,RmxRf,SMB,HML,Rf
1926-07-01,0.0296,-2.3,-2.87,0.0022
1926-08-01,0.0264,-1.4,4.19,0.0025
1926-09-01,0.0036,-1.32,0.01,0.0023
1926-10-01,-0.032400000000000005,0.04,0.51,0.0032
1926-11-01,0.0253,-0.2,-0.35,0.0031
1926-12-01,0.0262,-0.04,-0.02,0.0028000000000000004
1927-01-01,-6e-4,-0.56,4.83,0.0025
1927-02-01,0.0418,-0.1,3.17,0.0026
1927-03-01,0.0013,-1.6,-2.67,0.003
1927-04-01,0.0046,0.43,0.6,0.0025
1927-05-01,0.054400000000000004,1.41,4.93,0.003
1927-06-01,-0.023399999999999997,0.47,-1.53,0.0026
1927-07-01,0.0726,-3.23,-1.16,0.003
1927-08-01,0.0197,-0.72,-3.69,0.0028000000000000004
1927-09-01,0.047599999999999996,-3.57,-0.71,0.0021
1927-10-01,-0.0431,2.13,-4.33,0.0025
1927-11-01,0.0658,2.76,-0.31,0.0021
1927-12-01,0.0209,0.93,-1.06,0.0022
1928-01-01,-0.0068000000000000005,4.25,-0.72,0.0025
1928-02-01,-0.017,-2.03,-0.69,0.0033
1928-03-01,0.08810000000000001,-0.26,-1.2,0.0029
1928-04-01,0.042300000000000004,3.82,3.67,0.0022
1928-05-01,0.0152,2.98,-3.46,0.0032
1928-06-01,-0.048499999999999995,-3.5,-0.06,0.0031
1928-07-01,0.0062,-1.35,-0.47,0.0032
1928-08-01,0.0668,-2.07,-2.11,0.0032
1928-09-01,0.0288,2.33,0.99,0.0027
1928-10-01,0.013300000000000001,2.27,-2.26,0.0040999999999999995
1928-11-01,0.11810000000000001,-1.81,2.8,0.0038
1928-12-01,0.0036,-0.85,-0.6,6e-4
1929-01-01,0.0466,-3.54,-1.21,0.0034000000000000002
1929-02-01,-0.0034000000000000002,-0.39,1.68,0.0036
1929-03-01,-0.0089,-4.74,1.61,0.0034000000000000002
1929-04-01,0.0143,-1,0.6,0.0036
1929-05-01,-0.0639,-5.35,-1.4,0.0044
1929-06-01,0.09699999999999999,-2.17,-2.76,0.0052
1929-07-01,0.0446,-3.88,2.66,0.0033
1929-08-01,0.0818,-9.52,0.06,0.004
1929-09-01,-0.0547,1.17,-0.63,0.0034999999999999996
1929-10-01,-0.20120000000000002,-4.08,7.85,0.0046
1929-11-01,-0.1274,-1.9,5.33,0.0037
1929-12-01,0.013300000000000001,-4.33,-0.59,0.0037
1930-01-01,0.056100000000000004,3.54,-1.01,0.0014000000000000002
1930-02-01,0.025,0.13,0.39,0.003
1930-03-01,0.071,3.43,0.15,0.0034999999999999996
1930-04-01,-0.0206,-0.2,-0.84,0.0021
1930-05-01,-0.0166,-2.04,-0.63,0.0026
1930-06-01,-0.16269999999999998,-3.24,2,0.0027
1930-07-01,0.0412,-0.37,-1.56,0.002
1930-08-01,0.003,-2.22,-0.78,9e-4
1930-09-01,-0.1275,-2.22,-5.27,0.0022
1930-10-01,-0.08779999999999999,-0.1,-1.35,9e-4
1930-11-01,-0.0304,2.21,-3.53,0.0013
1930-12-01,-0.0783,-4.67,-5.4,0.0014000000000000002
1931-01-01,0.062400000000000004,3.77,7.16,0.0015
1931-02-01,0.10880000000000001,3.38,1.61,4e-4
1931-03-01,-0.0643,3.07,-3.66,0.0013
1931-04-01,-0.0998,-4.62,-3.94,8e-4
1931-05-01,-0.1324,5.17,-6.58,9e-4
1931-06-01,0.139,-5.38,11.31,8e-4
1931-07-01,-0.0662,1.43,-2.1,6e-4
1931-08-01,0.0040999999999999995,-1.97,-1.49,3e-4
1931-09-01,-0.2913,0.56,-6.75,3e-4
1931-10-01,0.08039999999999999,-1.87,1.7,0.001
1931-11-01,-0.0908,4.3,-5.05,0.0017000000000000001
1931-12-01,-0.1353,-0.56,-8.86,0.0012
1932-01-01,-0.0158,3.94,9.04,0.0023
1932-02-01,0.0546,-2.77,-1.45,0.0023
1932-03-01,-0.1121,2.27,-2.32,0.0016
1932-04-01,-0.1796,1.44,1.42,0.0011
1932-05-01,-0.2051,3.91,-2.99,6e-4
1932-06-01,-0.006999999999999999,0.34,5.3,2e-4
1932-07-01,0.33840000000000003,-4.44,35.46,3e-4
1932-08-01,0.37060000000000004,14.29,33.03,3e-4
1932-09-01,-0.0294,-2.44,-6.82,3e-4
1932-10-01,-0.1317,-2.76,-10.05,2e-4
1932-11-01,-0.0588,2.08,-13.28,2e-4
1932-12-01,0.044000000000000004,-8.27,-8.17,1e-4
1933-01-01,0.0125,0.69,6.23,1e-4
1933-02-01,-0.1524,-2.75,-2.73,-3e-4
1933-03-01,0.0329,3.9,7.38,4e-4
1933-04-01,0.3885,4.56,17.43,0.001
1933-05-01,0.2143,36.7,19.03,4e-4
1933-06-01,0.1311,8.56,-2.05,2e-4
1933-07-01,-0.09630000000000001,-1.01,3.27,2e-4
1933-08-01,0.12050000000000001,-5.45,2.96,3e-4
1933-09-01,-0.1065,-0.32,-11.77,2e-4
1933-10-01,-0.0836,-0.08,-8.46,1e-4
1933-11-01,0.09970000000000001,-6.48,2.33,2e-4
1933-12-01,0.0183,0.66,-1.53,2e-4
1934-01-01,0.126,12.53,15.54,5e-4
1934-02-01,-0.025,5.19,2.12,2e-4
1934-03-01,9e-4,2.51,-2.73,2e-4
1934-04-01,-0.0179,2.8,-3.75,1e-4
1934-05-01,-0.0725,-0.26,-5.91,1e-4
1934-06-01,0.0264,-2.14,-2.92,1e-4
1934-07-01,-0.1096,-6.92,-10.64,1e-4
1934-08-01,0.0558,5.39,0.45,1e-4
1934-09-01,-0.0023,-1.5,-1.22,1e-4
1934-10-01,-0.0166,1.25,-5.11,1e-4
1934-11-01,0.0833,6.5,-2.24,1e-4
1934-12-01,0.0036,3.06,-3.2,1e-4
1935-01-01,-0.0345,1.1,-1.86,1e-4
1935-02-01,-0.0194,0.41,-7.27,2e-4
1935-03-01,-0.0368,-3.57,-5.1,1e-4
1935-04-01,0.0906,-1.51,4.35,1e-4
1935-05-01,0.0347,-3.38,2.56,1e-4
1935-06-01,0.0593,-2.51,-1.65,1e-4
1935-07-01,0.0751,1.47,6.86,1e-4
1935-08-01,0.0265,6.28,5.7,1e-4
1935-09-01,0.0263,1.57,-4.05,1e-4
1935-10-01,0.0703,2.64,-2.33,1e-4
1935-11-01,0.048799999999999996,4.28,11.91,2e-4
1935-12-01,0.045599999999999995,0.23,1.07,1e-4
1936-01-01,0.0689,5.14,10.51,1e-4
1936-02-01,0.024900000000000002,1.14,5.04,1e-4
1936-03-01,0.009899999999999999,0.65,-1.66,2e-4
1936-04-01,-0.0814,-6.04,-2.08,2e-4
1936-05-01,0.0519,0.83,2.63,2e-4
1936-06-01,0.024,-3.26,-1.2,3e-4
1936-07-01,0.0667,1.14,2.56,1e-4
1936-08-01,0.009899999999999999,0.72,3.99,2e-4
1936-09-01,0.0098,3.07,0.88,1e-4
1936-10-01,0.0712,-2.39,2.52,2e-4
1936-11-01,0.0327,9.01,-0.92,1e-4
1936-12-01,0.0021,3.61,3.96,0
1937-01-01,0.0335,4.31,2.61,1e-4
1937-02-01,0.0109,1.23,5.05,2e-4
1937-03-01,-0.0027,-1.78,6.39,1e-4
1937-04-01,-0.0736,-3.77,-3.61,3e-4
1937-05-01,-0.0083,-0.66,-3.49,6e-4
1937-06-01,-0.0421,-3.65,-3.21,3e-4
1937-07-01,0.0891,0.85,0.82,3e-4
1937-08-01,-0.048600000000000004,0.42,-2.25,2e-4
1937-09-01,-0.1361,-6.89,-4.57,4e-4
1937-10-01,-0.09609999999999999,0.45,-1.62,2e-4
1937-11-01,-0.08310000000000001,-3.65,0.2,2e-4
1937-12-01,-0.0424,-7.76,-0.39,0
1938-01-01,0.0049,4.97,-1.6,0
1938-02-01,0.0584,0.35,-2.02,0
1938-03-01,-0.2382,-4.24,-3.52,-1e-4
1938-04-01,0.1451,6.37,0.18,1e-4
1938-05-01,-0.0383,-2.47,-0.28,0
1938-06-01,0.23870000000000002,4.05,0.3,0
1938-07-01,0.07339999999999999,6.66,2.18,-1e-4
1938-08-01,-0.026699999999999998,-2.44,-4.72,0
1938-09-01,0.008100000000000001,-2.72,-1.62,2e-4
1938-10-01,0.078,5.83,5.01,1e-4
1938-11-01,-0.0172,-2.56,-1.23,-6e-4
1938-12-01,0.04190000000000001,-1.8,0.5,0
1939-01-01,-0.0596,-1.56,-3.92,-1e-4
1939-02-01,0.0351,0.63,2.95,1e-4
1939-03-01,-0.1199,-4.76,-8.29,-1e-4
1939-04-01,-0.0018,1.66,-0.3,0
1939-05-01,0.068,2.81,0.47,1e-4
1939-06-01,-0.053099999999999994,-1.02,-5.41,1e-4
1939-07-01,0.1024,4.32,-0.03,0
1939-08-01,-0.0668,-4.61,-2.42,-1e-4
1939-09-01,0.16879999999999998,20.23,22.22,1e-4
1939-10-01,-0.0053,-0.01,-4.89,0
1939-11-01,-0.0362,-5.07,-6.46,0
1939-12-01,0.030299999999999997,0.79,-4.06,0
1940-01-01,-0.0241,0.24,-0.77,0
1940-02-01,0.0144,2.51,-0.32,0
1940-03-01,0.020499999999999997,1.25,-1.27,0
1940-04-01,0.0022,3.92,-0.13,0
1940-05-01,-0.2195,-6.66,-3.69,-2e-4
1940-06-01,0.0667,-2.13,4.63,0
1940-07-01,0.0316,1.01,-0.74,1e-4
1940-08-01,0.0219,-0.11,0.56,-1e-4
1940-09-01,0.0239,3.22,-1.13,0
1940-10-01,0.0302,0.28,4.64,0
1940-11-01,-0.0161,1.94,0.12,0
1940-12-01,0.0069,-2.15,-0.89,0
1941-01-01,-0.0417,1,3.83,-1e-4
1941-02-01,-0.0143,-1.57,0.89,-1e-4
1941-03-01,0.0084,0.1,3.04,1e-4
1941-04-01,-0.0546,-1.69,3.41,-1e-4
1941-05-01,0.0139,-0.66,0.6,0
1941-06-01,0.0583,1.32,0.59,0
1941-07-01,0.0587,5.7,7.25,3e-4
1941-08-01,-0.0017000000000000001,-0.41,-1.1,1e-4
1941-09-01,-0.0087,-0.99,-0.28,1e-4
1941-10-01,-0.0525,-2.02,1.63,0
1941-11-01,-0.0192,-1.21,-0.64,0
1941-12-01,-0.0487,-2.98,-5.94,1e-4
1942-01-01,0.0079,7.52,10.1,2e-4
1942-02-01,-0.0246,1.72,-1.13,1e-4
1942-03-01,-0.0658,1.78,-0.62,1e-4
1942-04-01,-0.0437,-0.6,2.09,1e-4
1942-05-01,0.0594,-3.05,-2.65,3e-4
1942-06-01,0.0269,-1.22,0.54,2e-4
1942-07-01,0.0351,-0.16,2.4,3e-4
1942-08-01,0.018000000000000002,-0.09,1.33,3e-4
1942-09-01,0.026099999999999998,0.66,2.39,3e-4
1942-10-01,0.0682,1.82,6.47,3e-4
1942-11-01,0.0015,-1.54,-4.24,3e-4
1942-12-01,0.0512,-2.49,0.56,3e-4
1943-01-01,0.0713,8.78,8.23,3e-4
1943-02-01,0.061500000000000006,4.84,6.51,3e-4
1943-03-01,0.0601,5.03,5.48,3e-4
1943-04-01,0.008100000000000001,2.06,5.86,3e-4
1943-05-01,0.0574,4.41,3.28,3e-4
1943-06-01,0.0182,-1.06,-0.74,3e-4
1943-07-01,-0.04769999999999999,-2.41,-2.27,3e-4
1943-08-01,0.013000000000000001,-0.62,-0.47,3e-4
1943-09-01,0.024,1.28,1.43,3e-4
1943-10-01,-0.0115,0.58,1.65,3e-4
1943-11-01,-0.0591,-1.64,-4.04,3e-4
1943-12-01,0.0636,3.34,3.22,3e-4
1944-01-01,0.0174,2.56,2.17,3e-4
1944-02-01,0.0037,-0.1,0.83,3e-4
1944-03-01,0.0246,1.71,3.43,2e-4
1944-04-01,-0.0169,-1.35,-1.13,3e-4
1944-05-01,0.0507,1.67,1.02,3e-4
1944-06-01,0.054900000000000004,4.04,1.82,3e-4
1944-07-01,-0.0149,0.55,-0.43,3e-4
1944-08-01,0.015700000000000002,2.41,-1.63,3e-4
1944-09-01,1e-4,0.47,-1.21,2e-4
1944-10-01,0.0016,-0.14,-0.34,3e-4
1944-11-01,0.0171,0.37,2.31,3e-4
1944-12-01,0.0403,2.24,5.91,2e-4
1945-01-01,0.020099999999999996,2.44,0.71,3e-4
1945-02-01,0.0623,1.56,4.4,2e-4
1945-03-01,-0.038900000000000004,-1.61,-1.78,2e-4
1945-04-01,0.078,0.32,3.21,3e-4
1945-05-01,0.0173,1.51,0.35,3e-4
1945-06-01,0.0039000000000000003,3.1,4.32,2e-4
1945-07-01,-0.0217,-1.46,-2.71,3e-4
1945-08-01,0.062,1.61,-4.4,3e-4
1945-09-01,0.04769999999999999,1.71,0.48,3e-4
1945-10-01,0.038900000000000004,2.46,2.25,3e-4
1945-11-01,0.053899999999999997,4.16,4.34,2e-4
1945-12-01,0.012,2.12,-2.32,3e-4
1946-01-01,0.062400000000000004,4.02,2.21,3e-4
1946-02-01,-0.0583,-0.73,-1.27,3e-4
1946-03-01,0.0587,0.31,-0.36,3e-4
1946-04-01,0.042300000000000004,2.37,0.45,3e-4
1946-05-01,0.0393,1.46,1.09,3e-4
1946-06-01,-0.038900000000000004,-1.53,-0.59,3e-4
1946-07-01,-0.0269,-2.06,0.04,3e-4
1946-08-01,-0.0644,-1.78,0.6,3e-4
1946-09-01,-0.1017,-4.41,-1.96,3e-4
1946-10-01,-0.0144,0.09,3.44,3e-4
1946-11-01,-1e-4,-0.4,1.52,3e-4
1946-12-01,0.0496,0.06,-1.38,3e-4
1947-01-01,0.0125,2.18,-0.73,3e-4
1947-02-01,-0.0108,0.68,0.14,3e-4
1947-03-01,-0.0167,-1.61,0.61,3e-4
1947-04-01,-0.048,-3.97,0.85,3e-4
1947-05-01,-0.0097,-3.26,0.34,3e-4
1947-06-01,0.0529,-0.31,-0.6,3e-4
1947-07-01,0.0414,1.43,2.82,3e-4
1947-08-01,-0.0174,0.3,0.16,3e-4
1947-09-01,-0.0054,1.64,1.36,6e-4
1947-10-01,0.024700000000000003,0.51,0.08,6e-4
1947-11-01,-0.0197,-1.74,1.06,6e-4
1947-12-01,0.03,-2.48,3.69,8e-4
1948-01-01,-0.0393,2.49,1.38,7.000000000000001e-4
1948-02-01,-0.0438,-1.71,0.07,7.000000000000001e-4
1948-03-01,0.08070000000000001,0.13,4.49,9e-4
1948-04-01,0.0365,-1.66,4.1,8e-4
1948-05-01,0.073,0.93,-1.23,8e-4
1948-06-01,-0.001,-1.86,2.75,9e-4
1948-07-01,-0.0509,-0.32,0.07,8e-4
1948-08-01,0.0025,-1.1,0.27,9e-4
1948-09-01,-0.0297,-1.23,-1.79,4e-4
1948-10-01,0.0596,-1.5,0.56,4e-4
1948-11-01,-0.09300000000000001,-0.62,-4.14,4e-4
1948-12-01,0.0326,-2.8,-1.94,4e-4
1949-01-01,0.0023,1.81,1.17,0.001
1949-02-01,-0.029300000000000003,-1.89,-0.91,9e-4
1949-03-01,0.0404,2.48,1.34,0.001
1949-04-01,-0.0187,-0.89,-1.18,9e-4
1949-05-01,-0.0294,-0.77,-2.42,0.001
1949-06-01,0.001,-0.88,-1.76,0.001
1949-07-01,0.0554,0.57,0.38,9e-4
1949-08-01,0.026000000000000002,0.13,-0.57,9e-4
1949-09-01,0.030899999999999997,1.05,0.23,9e-4
1949-10-01,0.031400000000000004,1.03,-0.49,9e-4
1949-11-01,0.0182,-0.93,-0.91,8e-4
1949-12-01,0.0513,2.07,1.75,9e-4
1950-01-01,0.017,3.36,0.14,9e-4
1950-02-01,0.0148,0.04,-0.81,9e-4
1950-03-01,0.0126,-1.41,-2.77,0.001
1950-04-01,0.0394,1.99,1.34,9e-4
1950-05-01,0.0431,-2.12,0.46,0.001
1950-06-01,-0.0594,-2.38,-0.78,0.001
1950-07-01,0.013600000000000001,0.51,13.66,0.001
1950-08-01,0.048499999999999995,0.73,-1.41,0.001
1950-09-01,0.0481,0.57,-1.11,0.001
1950-10-01,-0.0018,-0.58,1.44,0.0012
1950-11-01,0.0276,-0.84,3.17,0.0011
1950-12-01,0.0554,1.49,7.23,0.0011
1951-01-01,0.057,1.73,3.72,0.0013
1951-02-01,0.0141,0.09,-2.83,0.001
1951-03-01,-0.0215,-0.64,-4.22,0.0011
1951-04-01,0.048600000000000004,-1.49,3.28,0.0013
1951-05-01,-0.023399999999999997,-0.01,-1.33,0.0012
1951-06-01,-0.0262,-1.95,-3.96,0.0012
1951-07-01,0.0694,-1.99,2.01,0.0013
1951-08-01,0.042699999999999995,0.99,-0.16,0.0013
1951-09-01,0.006999999999999999,1.9,0.59,0.0012
1951-10-01,-0.0253,-0.23,0.25,0.0016
1951-11-01,0.005699999999999999,-0.29,-0.06,0.0011
1951-12-01,0.0333,-2.25,-1.55,0.0012
1952-01-01,0.014499999999999999,-0.61,1.54,0.0015
1952-02-01,-0.0262,0.79,-0.6,0.0012
1952-03-01,0.0444,-2.99,2.16,0.0011
1952-04-01,-0.049699999999999994,0.48,-0.1,0.0012
1952-05-01,0.032,-1.01,0.07,0.0013
1952-06-01,0.0383,-1.61,1.23,0.0015
1952-07-01,0.0091,-0.4,-0.33,0.0015
1952-08-01,-0.0076,1.15,0.07,0.0015
1952-09-01,-0.0203,1.12,-1.44,0.0016
1952-10-01,-0.0066,-1.02,-0.54,0.0014000000000000002
1952-11-01,0.0594,-0.72,0.99,0.001
1952-12-01,0.029300000000000003,-1.48,0.2,0.0016
1953-01-01,-0.0034000000000000002,3.55,1.34,0.0016
1953-02-01,-0.0027,2.16,-0.09,0.0014000000000000002
1953-03-01,-0.0143,-0.18,-0.84,0.0018
1953-04-01,-0.028300000000000002,0.27,1.54,0.0016
1953-05-01,0.0052,-0.07,0.24,0.0017000000000000001
1953-06-01,-0.0189,-1.85,-0.51,0.0018
1953-07-01,0.024,-1.05,-0.23,0.0015
1953-08-01,-0.0452,0.36,-3.54,0.0017000000000000001
1953-09-01,0.002,-0.85,-2.42,0.0016
1953-10-01,0.046,-1.37,-0.2,0.0013
1953-11-01,0.028300000000000002,-1.3,-0.16,8e-4
1953-12-01,3e-4,-0.85,-2.82,0.0013
1954-01-01,0.0513,0.47,3.49,0.0011
1954-02-01,0.0167,-0.17,-0.29,7.000000000000001e-4
1954-03-01,0.0365,-0.49,-1.45,8e-4
1954-04-01,0.042699999999999995,-3.48,-0.37,9e-4
1954-05-01,0.030899999999999997,0.39,2.46,5e-4
1954-06-01,0.010700000000000001,0.4,-0.01,6e-4
1954-07-01,0.0499,1.05,4.16,5e-4
1954-08-01,-0.023399999999999997,2.68,-1.39,5e-4
1954-09-01,0.0639,-2.55,0.69,9e-4
1954-10-01,-0.0167,0.6,0.68,7.000000000000001e-4
1954-11-01,0.09380000000000001,-2.64,4.39,6e-4
1954-12-01,0.0548,2.17,5.65,8e-4
1955-01-01,0.006,0.27,2.14,8e-4
1955-02-01,0.0302,1.56,0.59,9e-4
1955-03-01,-0.0016,-0.67,1.97,0.001
1955-04-01,0.0311,-1.72,0.68,0.001
1955-05-01,0.009300000000000001,-0.24,-0.96,0.0014000000000000002
1955-06-01,0.0655,-4.61,1.84,0.001
1955-07-01,0.019,-1.16,0.34,0.001
1955-08-01,0.0021,-0.44,0.72,0.0016
1955-09-01,-0.0036,0.28,-0.99,0.0016
1955-10-01,-0.0268,1.51,-0.16,0.0018
1955-11-01,0.0703,-2.2,0.32,0.0017000000000000001
1955-12-01,0.0149,2.12,-2.29,0.0018
1956-01-01,-0.030299999999999997,0.4,0.94,0.0022
1956-02-01,0.0377,-0.98,-0.43,0.0019
1956-03-01,0.0664,-2.14,-0.5,0.0015
1956-04-01,0.0028000000000000004,0.04,-0.25,0.0019
1956-05-01,-0.052000000000000005,1.46,-1.31,0.0023
1956-06-01,0.0348,-1.48,-1.13,0.002
1956-07-01,0.0484,-1.67,-0.05,0.0022
1956-08-01,-0.0318,1.9,-0.72,0.0017000000000000001
1956-09-01,-0.051399999999999994,1.57,1.77,0.0018
1956-10-01,0.0052,-0.09,-0.06,0.0025
1956-11-01,0.0036,-0.22,1.77,0.002
1956-12-01,0.0316,-0.02,-2.16,0.0024
1957-01-01,-0.0358,3.37,2.82,0.0027
1957-02-01,-0.0206,-0.72,-0.72,0.0024
1957-03-01,0.0213,0.27,-0.46,0.0023
1957-04-01,0.0426,-1.61,-1.47,0.0025
1957-05-01,0.0345,-1.05,-2.1,0.0026
1957-06-01,-0.0074,0.55,0.03,0.0024
1957-07-01,0.0066,-0.77,0.42,0.003
1957-08-01,-0.051100000000000007,0.05,-0.42,0.0025
1957-09-01,-0.059800000000000006,0.06,0.91,0.0026
1957-10-01,-0.0432,-2.53,-1.83,0.0029
1957-11-01,0.023,0.37,-2.89,0.0028000000000000004
1957-12-01,-0.0391,-0.98,-1.61,0.0024
1958-01-01,0.0466,4.38,4.19,0.0028000000000000004
1958-02-01,-0.0152,0.68,0.37,0.0012
1958-03-01,0.0327,0.65,-0.96,9e-4
1958-04-01,0.030899999999999997,-0.65,1.64,8e-4
1958-05-01,0.0231,2.19,-0.25,0.0011
1958-06-01,0.029300000000000003,-0.19,0.4,3e-4
1958-07-01,0.043899999999999995,0.52,3.04,7.000000000000001e-4
1958-08-01,0.0191,1.17,0.36,4e-4
1958-09-01,0.0466,0.13,2.85,0.0019
1958-10-01,0.0253,1.11,-1.18,0.0018
1958-11-01,0.0301,2,-1.19,0.0011
1958-12-01,0.051500000000000004,-2.04,-0.01,0.0022
1959-01-01,0.0070999999999999995,3.01,2.96,0.0021
1959-02-01,0.0095,1.51,1.1,0.0019
1959-03-01,0.0028000000000000004,1.5,-0.38,0.0022
1959-04-01,0.0366,-0.55,-1.33,0.002
1959-05-01,0.0173,-2.1,1.7,0.0022
1959-06-01,-0.0025,0.65,1.35,0.0025
1959-07-01,0.0317,-0.3,0.23,0.0025
1959-08-01,-0.0139,-0.76,0.45,0.0019
1959-09-01,-0.048,-0.09,0.55,0.0031
1959-10-01,0.0128,1.45,-2.1,0.003
1959-11-01,0.016,1.24,-3.22,0.0026
1959-12-01,0.0245,-0.58,-0.07,0.0034000000000000002
1960-01-01,-0.0698,2.08,2.79,0.0033
1960-02-01,0.011699999999999999,0.51,-1.93,0.0029
1960-03-01,-0.0163,-0.49,-2.94,0.0034999999999999996
1960-04-01,-0.0171,0.32,-2.29,0.0019
1960-05-01,0.031200000000000002,1.22,-3.7,0.0027
1960-06-01,0.0208,-0.22,-0.34,0.0024
1960-07-01,-0.023700000000000002,-0.52,2.03,0.0013
1960-08-01,0.0301,0.87,-0.18,0.0017000000000000001
1960-09-01,-0.0599,-1.11,1.65,0.0016
1960-10-01,-0.0070999999999999995,-4.07,2.86,0.0022
1960-11-01,0.046900000000000004,0.37,-2.37,0.0013
1960-12-01,0.0471,-1.57,-0.76,0.0016
1961-01-01,0.062,0.66,3.66,0.0019
1961-02-01,0.035699999999999996,3.92,-0.64,0.0014000000000000002
1961-03-01,0.028900000000000002,3.28,-0.7,0.002
1961-04-01,0.0029,0.05,2.15,0.0017000000000000001
1961-05-01,0.024,2.02,0.37,0.0018
1961-06-01,-0.0308,-2.49,-0.11,0.002
1961-07-01,0.028300000000000002,-1.88,-0.09,0.0018
1961-08-01,0.025699999999999997,-1.75,-0.28,0.0014000000000000002
1961-09-01,-0.0215,-1.06,-0.61,0.0017000000000000001
1961-10-01,0.025699999999999997,-1.63,0.15,0.0019
1961-11-01,0.044500000000000005,1.26,-1.23,0.0015
1961-12-01,-0.0018,-0.82,1.79,0.0019
1962-01-01,-0.0387,1.77,5.13,0.0024
1962-02-01,0.0181,-1.15,0.82,0.002
1962-03-01,-0.0068000000000000005,0.53,-1.38,0.002
1962-04-01,-0.0659,-0.71,0.03,0.0022
1962-05-01,-0.08650000000000001,-3.34,2.77,0.0024
1962-06-01,-0.08470000000000001,-0.58,2.55,0.002
1962-07-01,0.06280000000000001,1.51,-3.4,0.0027
1962-08-01,0.0213,1.22,-1.17,0.0023
1962-09-01,-0.052199999999999996,-2.45,1.26,0.0021
1962-10-01,-5e-4,-3.97,1.3,0.0025
1962-11-01,0.10869999999999999,2.63,0.96,0.002
1962-12-01,0.0101,-3.81,0.35,0.0023
1963-01-01,0.0493,3.07,2.22,0.0025
1963-02-01,-0.023799999999999998,0.5,2.17,0.0023
1963-03-01,0.0308,-2.6,2.07,0.0023
1963-04-01,0.0451,-1.31,0.99,0.0025
1963-05-01,0.0176,1.12,2.53,0.0024
1963-06-01,-0.02,-0.29,0.75,0.0023
1963-07-01,-0.0039000000000000003,-0.49,-0.94,0.0027
1963-08-01,0.0507,-1.02,1.82,0.0025
1963-09-01,-0.015700000000000002,-0.31,0.17,0.0027
1963-10-01,0.0253,-0.57,-0.04,0.0029
1963-11-01,-0.0085,-1.15,1.7,0.0027
1963-12-01,0.0183,-2.01,-0.06,0.0029
1964-01-01,0.022400000000000003,-0.18,1.53,0.003
1964-02-01,0.0154,0.08,2.86,0.0026
1964-03-01,0.0141,0.94,3.37,0.0031
1964-04-01,0.001,-1.32,-0.66,0.0029
1964-05-01,0.014199999999999999,-0.94,1.99,0.0026
1964-06-01,0.0127,-0.27,0.72,0.003
1964-07-01,0.0174,0.26,0.73,0.003
1964-08-01,-0.0144,0.11,0.07,0.0028000000000000004
1964-09-01,0.0269,-0.53,1.72,0.0028000000000000004
1964-10-01,0.0059,0.42,1.15,0.0029
1964-11-01,0,0.6,-1.95,0.0029
1964-12-01,3e-4,-0.26,-2.52,0.0031
1965-01-01,0.0354,2.72,0.16,0.0028000000000000004
1965-02-01,0.0044,3.5,0.16,0.003
1965-03-01,-0.0134,1.81,1.05,0.0036
1965-04-01,0.0311,1.2,0.68,0.0031
1965-05-01,-0.0077,0.06,-1.63,0.0031
1965-06-01,-0.055099999999999996,-4.36,0.56,0.0034999999999999996
1965-07-01,0.0143,0.87,2.18,0.0031
1965-08-01,0.0273,2.81,-0.96,0.0033
1965-09-01,0.0286,0.62,-0.09,0.0031
1965-10-01,0.026000000000000002,2.47,1.54,0.0031
1965-11-01,-3e-4,4.68,0.21,0.0034999999999999996
1965-12-01,0.0101,2.08,1.96,0.0033
1966-01-01,0.0072,3.88,3.51,0.0038
1966-02-01,-0.0121,4.54,0.27,0.0034999999999999996
1966-03-01,-0.025099999999999997,0.94,-2.07,0.0038
1966-04-01,0.021400000000000002,3.45,-0.54,0.0034000000000000002
1966-05-01,-0.056600000000000004,-4.68,-1.57,0.0040999999999999995
1966-06-01,-0.0144,1.02,0.5,0.0038
1966-07-01,-0.0163,-0.46,0.99,0.0034999999999999996
1966-08-01,-0.0791,-3.22,0.44,0.0040999999999999995
1966-09-01,-0.0106,-1.06,0.49,0.004
1966-10-01,0.038599999999999995,-6.62,2.86,0.0045000000000000005
1966-11-01,0.013999999999999999,4.23,-4.53,0.004
1966-12-01,0.0013,1.95,-1.28,0.004
1967-01-01,0.0815,8.25,2.45,0.0043
1967-02-01,0.0078000000000000005,3.31,-2.15,0.0036
1967-03-01,0.039900000000000005,1.54,0.46,0.0039000000000000003
1967-04-01,0.038900000000000004,0.63,-2.52,0.0032
1967-05-01,-0.0433,1.95,0.99,0.0033
1967-06-01,0.0241,5.95,0.95,0.0027
1967-07-01,0.0458,3.02,2.8,0.0031
1967-08-01,-0.0089,0.47,1.39,0.0031
1967-09-01,0.0311,3.11,-2.48,0.0032
1967-10-01,-0.030899999999999997,1.42,-3.38,0.0039000000000000003
1967-11-01,0.0037,0.21,-1.7,0.0036
1967-12-01,0.0305,5.74,-0.45,0.0033
1968-01-01,-0.0406,3.88,4.79,0.004
1968-02-01,-0.0375,-2.96,1.18,0.0039000000000000003
1968-03-01,0.002,-1.28,-0.62,0.0038
1968-04-01,0.09050000000000001,5.77,-1.14,0.0043
1968-05-01,0.022799999999999997,6.42,0.86,0.0045000000000000005
1968-06-01,0.0069,-0.18,0.68,0.0043
1968-07-01,-0.027200000000000002,-1.3,5.41,0.0048
1968-08-01,0.0134,2.35,1.01,0.0042
1968-09-01,0.0403,2.76,0.33,0.0043
1968-10-01,0.0042,-0.48,2.85,0.0044
1968-11-01,0.054299999999999994,2.35,-0.9,0.0042
1968-12-01,-0.0394,3.43,0,0.0043
1969-01-01,-0.0125,-0.77,1.66,0.0053
1969-02-01,-0.0584,-3.9,0.86,0.0046
1969-03-01,0.0264,-0.26,-0.52,0.0046
1969-04-01,0.0146,-0.87,-0.03,0.0053
1969-05-01,-0.001,-0.26,0.71,0.0048
1969-06-01,-0.0718,-5.39,-1.1,0.0051
1969-07-01,-0.07,-3.2,1.22,0.0053
1969-08-01,0.046799999999999994,0.93,-3.83,0.005
1969-09-01,-0.0298,1.18,-3.27,0.0062
1969-10-01,0.0506,3.84,-3.04,0.006
1969-11-01,-0.0379,-2.54,-1.15,0.0052
1969-12-01,-0.0263,-3.65,-3,0.0064
1970-01-01,-0.081,2.91,3.15,0.006
1970-02-01,0.0513,-2.41,4.02,0.0062
1970-03-01,-0.0106,-2.32,4.09,0.005699999999999999
1970-04-01,-0.11,-6.09,6.21,0.005
1970-05-01,-0.0692,-4.54,3.43,0.0053
1970-06-01,-0.0579,-2.14,0.6,0.0058
1970-07-01,0.0693,-0.55,1.01,0.0052
1970-08-01,0.0449,1.53,1.02,0.0053
1970-09-01,0.0418,8.56,-5.63,0.0054
1970-10-01,-0.022799999999999997,-4.28,0.25,0.0046
1970-11-01,0.046,-4.07,1.67,0.0046
1970-12-01,0.0572,3,0.86,0.0042
1971-01-01,0.0484,7.37,1.33,0.0038
1971-02-01,0.0141,1.86,-1.22,0.0033
1971-03-01,0.041299999999999996,2.5,-4.06,0.003
1971-04-01,0.0315,-0.5,0.71,0.0028000000000000004
1971-05-01,-0.0398,-1.11,-1.48,0.0029
1971-06-01,-0.001,-1.43,-1.82,0.0037
1971-07-01,-0.045,-1.5,0.17,0.004
1971-08-01,0.0379,-0.18,2.56,0.004699999999999999
1971-09-01,-0.0085,0.43,-2.89,0.0037
1971-10-01,-0.044199999999999996,-1.8,-0.37,0.0037
1971-11-01,-0.0046,-2.8,-1.73,0.0037
1971-12-01,0.08710000000000001,3.29,-0.41,0.0037
1972-01-01,0.024900000000000002,6.07,1.93,0.0029
1972-02-01,0.0287,1.4,-2.8,0.0025
1972-03-01,0.0063,-0.3,-1.68,0.0027
1972-04-01,0.0029,0.01,0.24,0.0029
1972-05-01,0.0125,-2.74,-2.73,0.003
1972-06-01,-0.024300000000000002,0.34,-2.6,0.0029
1972-07-01,-0.008,-2.86,0.71,0.0031
1972-08-01,0.0326,-4.07,4.64,0.0029
1972-09-01,-0.011399999999999999,-2.67,0.51,0.0034000000000000002
1972-10-01,0.0052,-2.72,1.3,0.004
1972-11-01,0.046,-1.12,4.82,0.0037
1972-12-01,0.0062,-1.87,-2.24,0.0037
1973-01-01,-0.0329,-3.47,2.67,0.0044
1973-02-01,-0.048499999999999995,-3.99,1.71,0.0040999999999999995
1973-03-01,-0.013000000000000001,-2.81,2.73,0.0046
1973-04-01,-0.056799999999999996,-3.96,5.62,0.0052
1973-05-01,-0.0294,-6.13,0.25,0.0051
1973-06-01,-0.015600000000000001,-2.93,1.37,0.0051
1973-07-01,0.050499999999999996,7.97,-5.32,0.0064
1973-08-01,-0.0382,-2.12,1.32,0.006999999999999999
1973-09-01,0.0475,3.07,2.01,0.0068000000000000005
1973-10-01,-0.0083,-0.4,2.03,0.006500000000000001
1973-11-01,-0.1275,-7.65,3.91,0.005600000000000001
1973-12-01,0.0060999999999999995,-5.25,3.9,0.0064
1974-01-01,-0.0017000000000000001,9.66,5.99,0.0063
1974-02-01,-0.004699999999999999,-0.13,2.86,0.0058
1974-03-01,-0.0281,2.59,-0.28,0.005600000000000001
1974-04-01,-0.0529,-0.71,0.95,0.0075
1974-05-01,-0.046799999999999994,-3.03,-2.08,0.0075
1974-06-01,-0.028300000000000002,-0.16,0.78,0.006
1974-07-01,-0.0805,0.92,5.14,0.006999999999999999
1974-08-01,-0.0935,-0.68,2.5,0.006
1974-09-01,-0.1177,0.27,5.49,0.008100000000000001
1974-10-01,0.161,-3.51,-9.99,0.0051
1974-11-01,-0.0451,-1.17,-0.16,0.0054
1974-12-01,-0.0345,-4.84,0,0.006999999999999999
1975-01-01,0.1366,11.01,8.44,0.0058
1975-02-01,0.0556,0.16,-4.56,0.0043
1975-03-01,0.026600000000000002,3.75,2.49,0.0040999999999999995
1975-04-01,0.042300000000000004,-0.54,-1.11,0.0044
1975-05-01,0.0519,3.83,-4.02,0.0044
1975-06-01,0.0483,0.76,1.32,0.0040999999999999995
1975-07-01,-0.0659,2.69,1.7,0.0048
1975-08-01,-0.0285,-3.2,-0.95,0.0048
1975-09-01,-0.0426,-0.12,0.34,0.0053
1975-10-01,0.053099999999999994,-4.04,0.34,0.005600000000000001
1975-11-01,0.0264,-1.19,1.96,0.0040999999999999995
1975-12-01,-0.016,-0.75,1.74,0.0048
1976-01-01,0.1216,4.82,8.65,0.004699999999999999
1976-02-01,0.0032,7.03,5.85,0.0034000000000000002
1976-03-01,0.0232,-1.15,-0.08,0.004
1976-04-01,-0.0149,-0.03,-0.14,0.0042
1976-05-01,-0.0134,-1.25,-1.3,0.0037
1976-06-01,0.0405,-1.35,0.65,0.0043
1976-07-01,-0.010700000000000001,0.29,1.69,0.004699999999999999
1976-08-01,-0.005600000000000001,-2.02,0.81,0.0042
1976-09-01,0.0207,0,-0.24,0.0044
1976-10-01,-0.0242,0.25,-0.15,0.0040999999999999995
1976-11-01,0.0036,2.32,1.51,0.004
1976-12-01,0.0565,3,2.2,0.004
1977-01-01,-0.0405,4.77,4.25,0.0036
1977-02-01,-0.0194,1.08,0.52,0.0034999999999999996
1977-03-01,-0.0137,1,1.06,0.0038
1977-04-01,0.0015,-0.11,3.44,0.0038
1977-05-01,-0.014499999999999999,1.17,0.84,0.0037
1977-06-01,0.0471,2.14,-0.68,0.004
1977-07-01,-0.0169,2.11,-0.6,0.0042
1977-08-01,-0.0175,1.52,-2.76,0.0044
1977-09-01,-0.0027,1.45,-0.51,0.0043
1977-10-01,-0.0438,1.26,1.73,0.0049
1977-11-01,0.04,3.72,0.29,0.005
1977-12-01,0.0027,1.35,-0.38,0.0049
1978-01-01,-0.0601,2.21,3.31,0.0049
1978-02-01,-0.0138,3.59,0.71,0.0046
1978-03-01,0.0285,3.48,1.23,0.0053
1978-04-01,0.0788,0.41,-3.56,0.0054
1978-05-01,0.0176,4.56,-0.59,0.0051
1978-06-01,-0.0169,1.69,0.55,0.0054
1978-07-01,0.051100000000000007,0.26,-1.08,0.005600000000000001
1978-08-01,0.0375,5.06,-0.57,0.005600000000000001
1978-09-01,-0.0143,-0.4,1.87,0.0062
1978-10-01,-0.1191,-9.88,1.4,0.0068000000000000005
1978-11-01,0.0271,3.01,-2.19,0.006999999999999999
1978-12-01,0.0088,1.25,-2.17,0.0078000000000000005
1979-01-01,0.042300000000000004,3.66,2.29,0.0077
1979-02-01,-0.0356,0.45,1.16,0.0073
1979-03-01,0.056799999999999996,3.19,-0.69,0.008100000000000001
1979-04-01,-6e-4,2.18,1,0.008
1979-05-01,-0.022099999999999998,0.16,1.3,0.008199999999999999
1979-06-01,0.0385,1.17,1.45,0.008100000000000001
1979-07-01,0.008199999999999999,1.26,1.75,0.0077
1979-08-01,0.0553,2.09,-1.52,0.0077
1979-09-01,-0.008199999999999999,-0.25,-0.87,0.0083
1979-10-01,-0.081,-3.35,-1.81,0.0087
1979-11-01,0.0521,2.76,-3.38,0.009899999999999999
1979-12-01,0.0179,4.19,-2.04,0.0095
1980-01-01,0.055099999999999996,1.65,1.72,0.008
1980-02-01,-0.012199999999999999,-1.83,0.66,0.0089
1980-03-01,-0.129,-6.65,-1.02,0.0121
1980-04-01,0.0397,0.96,1.01,0.0126
1980-05-01,0.0526,2.16,0.38,0.008100000000000001
1980-06-01,0.030600000000000002,1.66,-0.85,0.0060999999999999995
1980-07-01,0.0649,4.25,-6.29,0.0053
1980-08-01,0.018000000000000002,3.91,-2.64,0.0064
1980-09-01,0.0219,0.87,-4.77,0.0075
1980-10-01,0.0106,2.48,-2.77,0.0095
1980-11-01,0.0959,-3.46,-8.36,0.0096
1980-12-01,-0.0452,-0.27,2.73,0.0131
1981-01-01,-0.0504,3.01,6.83,0.0104
1981-02-01,0.005699999999999999,-0.32,1,0.010700000000000001
1981-03-01,0.0356,3.58,0.69,0.0121
1981-04-01,-0.021099999999999997,4.42,2.29,0.0108
1981-05-01,0.0011,2,-0.47,0.0115
1981-06-01,-0.0236,-0.83,5.1,0.013500000000000002
1981-07-01,-0.0154,-2.18,-0.68,0.0124
1981-08-01,-0.0704,-1.96,4.84,0.0128
1981-09-01,-0.0717,-2.66,5.2,0.0124
1981-10-01,0.0492,2.14,-4.22,0.0121
1981-11-01,0.0336,-0.97,1.89,0.010700000000000001
1981-12-01,-0.0365,1.17,0.75,0.0087
1982-01-01,-0.032400000000000005,-1.29,3.19,0.008
1982-02-01,-0.058600000000000006,0.48,6.1,0.0092
1982-03-01,-0.0187,-0.2,3.79,0.0098
1982-04-01,0.0327,1.51,-2.77,0.0113
1982-05-01,-0.039900000000000005,0.47,1.8,0.0106
1982-06-01,-0.030899999999999997,-0.4,1.54,0.0096
1982-07-01,-0.0319,0.82,0.12,0.0105
1982-08-01,0.1114,-4.09,1,0.0076
1982-09-01,0.0129,2.89,0.33,0.0051
1982-10-01,0.113,2.35,-3.73,0.0059
1982-11-01,0.0467,4.77,-1.89,0.0063
1982-12-01,0.0055000000000000005,-0.19,-0.03,0.0067
1983-01-01,0.036000000000000004,2.7,-0.81,0.0069
1983-02-01,0.0259,3.24,0.7,0.0062
1983-03-01,0.0282,1.76,2.05,0.0063
1983-04-01,0.0667,0.52,0.56,0.0070999999999999995
1983-05-01,0.0052,6.15,-1.42,0.0069
1983-06-01,0.030699999999999998,0.89,-3.93,0.0067
1983-07-01,-0.0407,1.46,5.61,0.0074
1983-08-01,-0.005,-4.3,5.56,0.0076
1983-09-01,0.0091,0.56,1.08,0.0076
1983-10-01,-0.0344,-3.6,5.07,0.0076
1983-11-01,0.0216,2.03,-0.64,0.006999999999999999
1983-12-01,-0.0178,-0.29,1.68,0.0073
1984-01-01,-0.0192,-0.43,7.62,0.0076
1984-02-01,-0.0482,-1.71,3.36,0.0070999999999999995
1984-03-01,0.0063,0.08,0.51,0.0073
1984-04-01,-0.0051,-1.21,1.27,0.008100000000000001
1984-05-01,-0.059699999999999996,0.03,0.26,0.0078000000000000005
1984-06-01,0.0182,-0.32,-2.62,0.0075
1984-07-01,-0.0274,-2.22,0.48,0.008199999999999999
1984-08-01,0.10279999999999999,-0.27,-1.82,0.0083
1984-09-01,-0.008,0.2,5.32,0.0086
1984-10-01,-0.0084,-1.2,0.51,0.01
1984-11-01,-0.0176,-0.63,4.08,0.0073
1984-12-01,0.0184,-0.6,-0.2,0.0064
1985-01-01,0.0799,3.29,-5.41,0.006500000000000001
1985-02-01,0.012199999999999999,0.76,-0.13,0.0058
1985-03-01,-0.0084,-1.15,4.1,0.0062
1985-04-01,-0.0096,0.14,3.72,0.0072
1985-05-01,0.0509,-2.25,-0.92,0.0066
1985-06-01,0.0127,0.5,0.5,0.0055000000000000005
1985-07-01,-0.0074,2.84,-1.68,0.0062
1985-08-01,-0.0102,-0.33,2.32,0.0055000000000000005
1985-09-01,-0.0454,-1.59,1.31,0.006
1985-10-01,0.04019999999999999,-1.57,0.78,0.006500000000000001
1985-11-01,0.06480000000000001,0.22,-2.88,0.0060999999999999995
1985-12-01,0.0388,-0.49,-1.52,0.006500000000000001
1986-01-01,0.006500000000000001,1.22,0.52,0.005600000000000001
1986-02-01,0.0713,-0.62,-0.85,0.0053
1986-03-01,0.048799999999999996,-0.52,-0.44,0.006
1986-04-01,-0.0131,2.85,-2.86,0.0052
1986-05-01,0.0462,-1.32,-0.14,0.0049
1986-06-01,0.0103,-0.93,1.36,0.0052
1986-07-01,-0.0645,-3.39,4.76,0.0052
1986-08-01,0.060700000000000004,-4.2,3.5,0.0046
1986-09-01,-0.086,2.26,3.16,0.0045000000000000005
1986-10-01,0.0466,-2.48,-1.37,0.0046
1986-11-01,0.011699999999999999,-1.92,-0.13,0.0039000000000000003
1986-12-01,-0.0327,0.09,0.27,0.0049
1987-01-01,0.1247,-1.83,-3.26,0.0042
1987-02-01,0.043899999999999995,3.49,-5.97,0.0043
1987-03-01,0.016399999999999998,0.39,1.62,0.004699999999999999
1987-04-01,-0.021099999999999997,-1.7,-0.34,0.0044
1987-05-01,0.0011,-0.53,0.22,0.0038
1987-06-01,0.0394,-2.18,1.01,0.0048
1987-07-01,0.0385,-0.67,0.67,0.0046
1987-08-01,0.0352,-0.72,-0.92,0.004699999999999999
1987-09-01,-0.0259,0.52,0.27,0.0045000000000000005
1987-10-01,-0.2324,-8.41,4.2,0.006
1987-11-01,-0.07769999999999999,2.78,3.13,0.0034999999999999996
1987-12-01,0.0681,0.13,-4.45,0.0039000000000000003
1988-01-01,0.0421,-0.78,4.99,0.0029
1988-02-01,0.0475,3.35,-1.62,0.0046
1988-03-01,-0.0227,6.15,0.72,0.0044
1988-04-01,0.005600000000000001,0.96,1.7,0.0046
1988-05-01,-0.0029,-2.64,2.33,0.0051
1988-06-01,0.0479,2.17,-1.09,0.0049
1988-07-01,-0.0125,-0.22,2.2,0.0051
1988-08-01,-0.0331,0.06,2.12,0.0059
1988-09-01,0.033,-1.26,-0.68,0.0062
1988-10-01,0.0115,-2.9,1.7,0.0060999999999999995
1988-11-01,-0.0229,-1.73,1.3,0.005699999999999999
1988-12-01,0.0149,1.94,-1.54,0.0063
1989-01-01,0.061,-2.14,0.49,0.0055000000000000005
1989-02-01,-0.0225,2.77,0.9,0.0060999999999999995
1989-03-01,0.015700000000000002,0.74,0.47,0.0067
1989-04-01,0.0433,-0.58,-1.42,0.0067
1989-05-01,0.0335,-0.05,-0.9,0.0079
1989-06-01,-0.013500000000000002,-1,2.27,0.0070999999999999995
1989-07-01,0.07200000000000001,-4.03,-2.79,0.006999999999999999
1989-08-01,0.0144,0.51,0.63,0.0074
1989-09-01,-0.0076,0.25,-1.25,0.006500000000000001
1989-10-01,-0.036699999999999997,-3.25,-1.07,0.0068000000000000005
1989-11-01,0.0103,-1.27,-1.07,0.0069
1989-12-01,0.0116,-2.4,0.21,0.0060999999999999995
1990-01-01,-0.0785,-1.26,0.78,0.005699999999999999
1990-02-01,0.0111,1.02,0.65,0.005699999999999999
1990-03-01,0.0183,1.55,-3.03,0.0064
1990-04-01,-0.0336,-0.5,-2.47,0.0069
1990-05-01,0.0842,-2.56,-3.89,0.0068000000000000005
1990-06-01,-0.0109,1.42,-1.99,0.0063
1990-07-01,-0.019,-3.2,-0.11,0.0068000000000000005
1990-08-01,-0.1015,-3.57,1.63,0.0066
1990-09-01,-0.061200000000000004,-3.68,0.71,0.006
1990-10-01,-0.0192,-5.55,0.19,0.0068000000000000005
1990-11-01,0.0635,0.36,-3.21,0.005699999999999999
1990-12-01,0.0246,0.75,-1.72,0.006
1991-01-01,0.046900000000000004,3.76,-1.74,0.0052
1991-02-01,0.0719,3.96,-0.55,0.0048
1991-03-01,0.0265,3.92,-1.32,0.0044
1991-04-01,-0.0028000000000000004,0.49,1.48,0.0053
1991-05-01,0.0365,-0.35,-0.57,0.004699999999999999
1991-06-01,-0.049400000000000006,0.08,1.23,0.0042
1991-07-01,0.0424,-0.93,-1.25,0.0049
1991-08-01,0.0232,1.59,-0.83,0.0046
1991-09-01,-0.0159,1.64,-0.98,0.0046
1991-10-01,0.0129,0.88,-0.47,0.0042
1991-11-01,-0.04190000000000001,-0.48,-1.85,0.0039000000000000003
1991-12-01,0.1084,-2.26,-4.11,0.0038
1992-01-01,-0.0059,8.49,4.61,0.0034000000000000002
1992-02-01,0.0109,0.87,6.37,0.0028000000000000004
1992-03-01,-0.026600000000000002,-1.04,3.61,0.0034000000000000002
1992-04-01,0.010700000000000001,-6.12,4.27,0.0032
1992-05-01,0.003,0.4,1.25,0.0028000000000000004
1992-06-01,-0.023399999999999997,-3.1,3.36,0.0032
1992-07-01,0.0377,-0.42,-0.37,0.0031
1992-08-01,-0.023799999999999998,-0.13,-1.06,0.0026
1992-09-01,0.011899999999999999,0.58,-0.28,0.0026
1992-10-01,0.0102,2.03,-2.01,0.0023
1992-11-01,0.041299999999999996,3.69,-1.4,0.0023
1992-12-01,0.015300000000000001,1.63,2.63,0.0028000000000000004
1993-01-01,0.009300000000000001,1.98,5.92,0.0023
1993-02-01,0.0012,-3.47,6.41,0.0022
1993-03-01,0.023,0.23,1.31,0.0025
1993-04-01,-0.0305,-0.66,2.52,0.0024
1993-05-01,0.028900000000000002,1.98,-3.45,0.0022
1993-06-01,0.0031,-0.32,2.72,0.0025
1993-07-01,-0.0034000000000000002,0.89,2.82,0.0024
1993-08-01,0.0371,0.15,0.13,0.0025
1993-09-01,-0.0012,3.02,-0.25,0.0026
1993-10-01,0.0141,2.04,-2.72,0.0022
1993-11-01,-0.0189,-1.22,-0.77,0.0025
1993-12-01,0.0165,1.22,0.36,0.0023
1994-01-01,0.0287,0.4,1.13,0.0025
1994-02-01,-0.0255,2.8,-1.59,0.0021
1994-03-01,-0.0478,-1.14,1.63,0.0027
1994-04-01,0.0068000000000000005,-0.98,1.66,0.0027
1994-05-01,0.0058,-2.13,0.66,0.0031
1994-06-01,-0.030299999999999997,-0.42,1.72,0.0031
1994-07-01,0.0282,-1.8,0.56,0.0028000000000000004
1994-08-01,0.0401,1.42,-2.47,0.0037
1994-09-01,-0.0231,3.12,-1.87,0.0037
1994-10-01,0.0134,-2.23,-1.66,0.0038
1994-11-01,-0.0404,0.26,-0.69,0.0037
1994-12-01,0.0086,0.3,-0.2,0.0044
1995-01-01,0.018000000000000002,-3.53,2.54,0.0042
1995-02-01,0.0363,-0.64,1.12,0.004
1995-03-01,0.0219,-0.17,-2.15,0.0046
1995-04-01,0.021099999999999997,-0.53,1.71,0.0044
1995-05-01,0.028999999999999998,-2.55,2.23,0.0054
1995-06-01,0.027200000000000002,3.14,-2.5,0.004699999999999999
1995-07-01,0.037200000000000004,2.08,-1.63,0.0045000000000000005
1995-08-01,0.0055000000000000005,1.36,2.84,0.004699999999999999
1995-09-01,0.0335,-2.29,0.02,0.0043
1995-10-01,-0.0152,-3.82,-0.46,0.004699999999999999
1995-11-01,0.039599999999999996,-1.2,0.61,0.0042
1995-12-01,0.0103,0.64,0.33,0.0049
1996-01-01,0.0226,-2.63,0.22,0.0043
1996-02-01,0.013300000000000001,1.81,-1.16,0.0039000000000000003
1996-03-01,0.0073,1.52,0.31,0.0039000000000000003
1996-04-01,0.0206,5.24,-4.08,0.0046
1996-05-01,0.0236,3.08,-0.8,0.0042
1996-06-01,-0.011399999999999999,-3.91,2.26,0.004
1996-07-01,-0.059699999999999996,-4.31,5.16,0.0045000000000000005
1996-08-01,0.0277,2.44,-0.78,0.0040999999999999995
1996-09-01,0.0501,-0.95,-2.76,0.0044
1996-10-01,0.0086,-4.45,4.92,0.0042
1996-11-01,0.0625,-4.07,1.46,0.0040999999999999995
1996-12-01,-0.017,3.08,1.33,0.0046
1997-01-01,0.049800000000000004,-1.93,-1.43,0.0045000000000000005
1997-02-01,-0.0049,-3.29,5.7,0.0039000000000000003
1997-03-01,-0.050199999999999995,-0.44,3.43,0.0043
1997-04-01,0.0404,-5.74,0.09,0.0043
1997-05-01,0.0674,5.16,-4.08,0.0049
1997-06-01,0.040999999999999995,1.19,1.62,0.0037
1997-07-01,0.0733,-2.7,0.2,0.0043
1997-08-01,-0.0415,7.33,1.12,0.0040999999999999995
1997-09-01,0.0535,2.56,0.29,0.0044
1997-10-01,-0.038,-0.8,2.33,0.0042
1997-11-01,0.0298,-5.11,1.24,0.0039000000000000003
1997-12-01,0.0132,-2.66,4.03,0.0048
1998-01-01,0.0015,-1.02,-1.65,0.0043
1998-02-01,0.0704,0.26,-0.78,0.0039000000000000003
1998-03-01,0.047599999999999996,-1.21,1.54,0.0039000000000000003
1998-04-01,0.0073,0.03,0.89,0.0043
1998-05-01,-0.030699999999999998,-3.4,3.43,0.004
1998-06-01,0.0318,-3.32,-1.8,0.0040999999999999995
1998-07-01,-0.0246,-4.94,-1.71,0.004
1998-08-01,-0.16079999999999997,-5.68,3.56,0.0043
1998-09-01,0.061500000000000006,0.06,-3.42,0.0046
1998-10-01,0.0713,-3.11,-2.21,0.0032
1998-11-01,0.061,1.21,-3.16,0.0031
1998-12-01,0.0616,-0.54,-4.2,0.0038
1999-01-01,0.035,0.81,-4.66,0.0034999999999999996
1999-02-01,-0.0408,-6.08,1.91,0.0034999999999999996
1999-03-01,0.0345,-3.76,-2.77,0.0043
1999-04-01,0.0433,3.98,2.34,0.0037
1999-05-01,-0.0246,3.33,2.36,0.0034000000000000002
1999-06-01,0.04769999999999999,3.15,-3.4,0.004
1999-07-01,-0.0349,2.55,-0.48,0.0038
1999-08-01,-0.0138,-1,-1.72,0.0039000000000000003
1999-09-01,-0.0279,3.36,-3.42,0.0039000000000000003
1999-10-01,0.061200000000000004,-6.75,-3.16,0.0039000000000000003
1999-11-01,0.0337,7.17,-6.07,0.0036
1999-12-01,0.07719999999999999,7.07,-8.4,0.0044
2000-01-01,-0.047400000000000005,5.7,-1.75,0.0040999999999999995
2000-02-01,0.0245,21.19,-8.94,0.0043
2000-03-01,0.052000000000000005,-16.82,7.66,0.004699999999999999
2000-04-01,-0.064,-6.93,7.41,0.0046
2000-05-01,-0.044199999999999996,-6.33,5.01,0.005
2000-06-01,0.0464,12.8,-8.22,0.004
2000-07-01,-0.025099999999999997,-3.16,8.4,0.0048
2000-08-01,0.0703,-0.65,-1.47,0.005
2000-09-01,-0.0545,-1.89,7.28,0.0051
2000-10-01,-0.0276,-3.87,5.71,0.005600000000000001
2000-11-01,-0.1072,-3.5,12.53,0.0051
2000-12-01,0.011899999999999999,0.73,7.67,0.005
2001-01-01,0.0313,6.76,-5.33,0.0054
2001-02-01,-0.1005,-0.82,12.58,0.0038
2001-03-01,-0.0726,0.17,6.52,0.0042
2001-04-01,0.0794,0.61,-4.8,0.0039000000000000003
2001-05-01,0.0072,2.53,3.34,0.0032
2001-06-01,-0.0194,6.25,-1.16,0.0028000000000000004
2001-07-01,-0.0213,-4.23,5.35,0.003
2001-08-01,-0.0646,2.48,2.33,0.0031
2001-09-01,-0.0925,-6.25,1.57,0.0028000000000000004
2001-10-01,0.0246,7.57,-7.66,0.0022
2001-11-01,0.0754,-0.48,2.16,0.0017000000000000001
2001-12-01,0.0161,4.79,0.9,0.0015
2002-01-01,-0.0144,1.18,3.38,0.0014000000000000002
2002-02-01,-0.0229,-1.07,2.21,0.0013
2002-03-01,0.0424,4.14,1.08,0.0013
2002-04-01,-0.052000000000000005,5.84,3.96,0.0015
2002-05-01,-0.0138,-3.26,1.57,0.0014000000000000002
2002-06-01,-0.0721,4.2,0.04,0.0013
2002-07-01,-0.0818,-5.22,-3.71,0.0015
2002-08-01,0.005,-2.94,3.23,0.0014000000000000002
2002-09-01,-0.1035,2.39,1.49,0.0014000000000000002
2002-10-01,0.0784,-3.44,-4.07,0.0014000000000000002
2002-11-01,0.0596,3.23,-1.51,0.0012
2002-12-01,-0.0576,-0.01,2.28,0.0011
2003-01-01,-0.025699999999999997,1.28,-0.86,0.001
2003-02-01,-0.018799999999999997,-0.46,-1.33,9e-4
2003-03-01,0.0109,0.93,-2.15,0.001
2003-04-01,0.08220000000000001,0.64,0.89,0.001
2003-05-01,0.0605,4.49,0.11,9e-4
2003-06-01,0.014199999999999999,1.75,0.39,0.001
2003-07-01,0.0235,5.23,-1.08,7.000000000000001e-4
2003-08-01,0.023399999999999997,2.7,1.61,7.000000000000001e-4
2003-09-01,-0.0124,0.71,0.05,8e-4
2003-10-01,0.0608,2.64,1.92,7.000000000000001e-4
2003-11-01,0.013500000000000002,1.99,1.8,7.000000000000001e-4
2003-12-01,0.0429,-2.76,1.58,8e-4
2004-01-01,0.0215,2.53,2.45,7.000000000000001e-4
2004-02-01,0.013999999999999999,-1.56,0.86,6e-4
2004-03-01,-0.0132,1.75,0.24,9e-4
2004-04-01,-0.0183,-1.73,-3.07,8e-4
2004-05-01,0.011699999999999999,-0.24,-0.29,6e-4
2004-06-01,0.018600000000000002,2.28,1.23,8e-4
2004-07-01,-0.0406,-3.85,3.28,0.001
2004-08-01,8e-4,-1.56,0.96,0.0011
2004-09-01,0.016,3.01,-0.07,0.0011
2004-10-01,0.0143,0.13,-0.29,0.0011
2004-11-01,0.0454,3.72,1.43,0.0015
2004-12-01,0.034300000000000004,-0.07,-0.18,0.0016
2005-01-01,-0.0276,-1.72,2.01,0.0016
2005-02-01,0.0189,-0.55,1.63,0.0016
2005-03-01,-0.0197,-1.35,2.14,0.0021
2005-04-01,-0.026099999999999998,-3.97,0.05,0.0021
2005-05-01,0.0365,2.8,-0.66,0.0024
2005-06-01,0.005699999999999999,2.55,2.82,0.0023
2005-07-01,0.0392,2.87,-0.83,0.0024
2005-08-01,-0.012199999999999999,-0.98,1.38,0.003
2005-09-01,0.0049,-0.66,0.74,0.0029
2005-10-01,-0.0202,-1.19,0.45,0.0027
2005-11-01,0.0361,0.97,-1.16,0.0031
2005-12-01,-0.0025,-0.46,0.24,0.0032
2006-01-01,0.0304,5.4,0.99,0.0034999999999999996
2006-02-01,-0.003,-0.37,-0.26,0.0034000000000000002
2006-03-01,0.0146,3.49,0.68,0.0037
2006-04-01,0.0073,-1.41,2.37,0.0036
2006-05-01,-0.035699999999999996,-3.09,2.45,0.0043
2006-06-01,-0.0034999999999999996,-0.36,0.92,0.004
2006-07-01,-0.0078000000000000005,-3.99,2.67,0.004
2006-08-01,0.0203,1.02,-1.98,0.0042
2006-09-01,0.0184,-1.29,-0.04,0.0040999999999999995
2006-10-01,0.0323,1.72,-0.3,0.0040999999999999995
2006-11-01,0.0171,0.78,0.07,0.0042
2006-12-01,0.0087,-1.14,2.72,0.004
2007-01-01,0.013999999999999999,0.16,-0.69,0.0044
2007-02-01,-0.0196,1.29,-0.17,0.0038
2007-03-01,0.0068000000000000005,0.08,-0.83,0.0043
2007-04-01,0.0349,-2.18,-1.38,0.0044
2007-05-01,0.032400000000000005,0.27,-0.63,0.0040999999999999995
2007-06-01,-0.0196,0.78,-1.1,0.004
2007-07-01,-0.0373,-2.45,-3.55,0.004
2007-08-01,0.0092,-0.17,-1.91,0.0042
2007-09-01,0.0322,-2.22,-2.21,0.0032
2007-10-01,0.018000000000000002,0.25,-2.91,0.0032
2007-11-01,-0.0483,-2.8,-1,0.0034000000000000002
2007-12-01,-0.0087,0.14,-0.59,0.0027
2008-01-01,-0.0636,-0.89,3.67,0.0021
2008-02-01,-0.030899999999999997,-0.27,-0.88,0.0013
2008-03-01,-0.009300000000000001,0.79,0.14,0.0017000000000000001
2008-04-01,0.046,-1.59,-0.96,0.0018
2008-05-01,0.018600000000000002,3.05,-1.45,0.0018
2008-06-01,-0.08439999999999999,1.22,-2.77,0.0017000000000000001
2008-07-01,-0.0077,2.47,5.27,0.0015
2008-08-01,0.015300000000000001,3.54,1.45,0.0013
2008-09-01,-0.0924,-1.18,6.07,0.0015
2008-10-01,-0.1723,-2.52,-2.37,8e-4
2008-11-01,-0.0786,-2.82,-6.31,3e-4
2008-12-01,0.0174,3.51,0.14,0
2009-01-01,-0.0812,0.33,-11.12,0
2009-02-01,-0.10099999999999999,0.23,-7.03,1e-4
2009-03-01,0.0895,0,3.4,2e-4
2009-04-01,0.1018,5.14,5.21,1e-4
2009-05-01,0.0521,-2.63,0.49,0
2009-06-01,0.0043,2.63,-2.62,1e-4
2009-07-01,0.07719999999999999,1.9,4.87,1e-4
2009-08-01,0.0333,-1.1,7.5,1e-4
2009-09-01,0.0408,2.41,0.89,1e-4
2009-10-01,-0.0259,-4.18,-4.03,0
2009-11-01,0.0556,-2.48,-0.25,0
2009-12-01,0.0275,6.13,-0.11,1e-4
2010-01-01,-0.0336,0.37,0.33,0
2010-02-01,0.034,1.19,3.19,0
2010-03-01,0.06309999999999999,1.44,2.11,1e-4
2010-04-01,0.02,4.86,2.91,1e-4
2010-05-01,-0.0789,0.14,-2.39,1e-4
2010-06-01,-0.0557,-1.84,-4.52,1e-4
2010-07-01,0.0693,0.18,-0.36,1e-4
2010-08-01,-0.04769999999999999,-3.02,-1.9,1e-4
2010-09-01,0.09539999999999998,3.93,-3.23,1e-4
2010-10-01,0.0388,1.07,-2.46,1e-4
2010-11-01,0.006,3.78,-0.95,1e-4
2010-12-01,0.0682,0.68,3.64,1e-4
2011-01-01,0.0199,-2.52,0.82,1e-4
2011-02-01,0.0349,1.53,1.29,1e-4
2011-03-01,0.0046,2.58,-1.76,1e-4
2011-04-01,0.028999999999999998,-0.37,-2.43,0
2011-05-01,-0.0127,-0.58,-2.05,0
2011-06-01,-0.0175,-0.11,-0.42,0
2011-07-01,-0.0235,-1.37,-0.88,0
2011-08-01,-0.0599,-3.03,-2.56,1e-4
2011-09-01,-0.0759,-3.35,-1.71,0
2011-10-01,0.11349999999999999,3.32,0.13,0
2011-11-01,-0.0028000000000000004,-0.14,-0.48,0
2011-12-01,0.0074,-0.66,1.68,0
2012-01-01,0.050499999999999996,2.1,-0.9,0
2012-02-01,0.044199999999999996,-1.84,0.46,0
2012-03-01,0.0311,-0.68,1.21,0
2012-04-01,-0.0085,-0.39,-0.77,0
2012-05-01,-0.061900000000000004,0.16,-1.04,1e-4
2012-06-01,0.038900000000000004,0.78,0.58,0
2012-07-01,0.0079,-2.62,-0.05,0
2012-08-01,0.0255,0.47,1.12,1e-4
2012-09-01,0.0273,0.49,1.56,1e-4
2012-10-01,-0.0176,-1.09,3.61,1e-4
2012-11-01,0.0078000000000000005,0.53,-0.83,1e-4
2012-12-01,0.0118,1.45,3.53,1e-4
2013-01-01,0.0557,0.36,0.98,0
2013-02-01,0.0129,-0.42,0.13,0
2013-03-01,0.0403,0.75,-0.23,0
2013-04-01,0.0155,-2.4,0.53,0
2013-05-01,0.027999999999999997,1.66,2.61,0
2013-06-01,-0.012,1.16,-0.09,0
2013-07-01,0.0565,1.86,0.56,0
2013-08-01,-0.0271,0.29,-2.66,0
2013-09-01,0.0377,2.89,-1.15,0
2013-10-01,0.0418,-1.53,1.21,0
2013-11-01,0.0313,1.19,0.29,0
2013-12-01,0.0281,-0.59,-0.05,0
2014-01-01,-0.0332,0.87,-2.02,0
2014-02-01,0.04650000000000001,0.31,-0.36,0
2014-03-01,0.0043,-1.85,4.9,0
2014-04-01,-0.0019,-4.21,1.12,0
2014-05-01,0.0206,-1.9,-0.12,0
2014-06-01,0.026099999999999998,3.08,-0.67,0
2014-07-01,-0.0204,-4.27,0.02,0
2014-08-01,0.0424,0.36,-0.42,0
2014-09-01,-0.0197,-3.73,-1.38,0
2014-10-01,0.0252,4.28,-1.8,0
2014-11-01,0.0255,-2.04,-3.07,0
2014-12-01,-6e-4,2.48,2.23,0
2015-01-01,-0.0311,-0.51,-3.56,0
2015-02-01,0.061399999999999996,0.52,-1.81,0
2015-03-01,-0.011200000000000002,3.02,-0.41,0
2015-04-01,0.0059,-3.04,1.88,0
2015-05-01,0.013600000000000001,0.89,-1.1,0
2015-06-01,-0.015300000000000001,2.85,-0.74,0
2015-07-01,0.0154,-4.09,-4.21,0
2015-08-01,-0.0604,0.44,2.73,0
2015-09-01,-0.030699999999999998,-2.61,0.39,0
2015-10-01,0.0775,-1.98,-0.25,0
2015-11-01,0.005600000000000001,3.68,-0.49,0
2015-12-01,-0.0217,-2.86,-2.45,1e-4
2016-01-01,-0.057699999999999994,-3.36,2.01,1e-4
2016-02-01,-8e-4,0.83,-0.59,2e-4
2016-03-01,0.0696,0.82,1.11,2e-4
2016-04-01,0.0092,0.69,3.28,1e-4
2016-05-01,0.0178,-0.27,-1.6,1e-4
2016-06-01,-5e-4,0.64,-1.4,2e-4
2016-07-01,0.0395,2.6,-1.23,2e-4
2016-08-01,0.005,1.13,3.31,2e-4
2016-09-01,0.0025,2.04,-1.21,2e-4
2016-10-01,-0.0202,-4.43,4.07,2e-4
2016-11-01,0.048600000000000004,5.47,8.22,1e-4
2016-12-01,0.0182,0.11,3.51,3e-4
2017-01-01,0.0194,-1.06,-2.81,4e-4
2017-02-01,0.035699999999999996,-2.01,-1.79,4e-4
2017-03-01,0.0017000000000000001,1.17,-3.33,3e-4
2017-04-01,0.0109,0.72,-2.11,5e-4
2017-05-01,0.0106,-2.61,-3.67,6e-4
2017-06-01,0.0078000000000000005,2.15,1.45,6e-4
2017-07-01,0.0187,-1.47,-0.36,7.000000000000001e-4
2017-08-01,0.0016,-1.62,-2.19,9e-4
2017-09-01,0.025099999999999997,4.47,3.14,9e-4
2017-10-01,0.0225,-1.95,0.12,9e-4
2017-11-01,0.031200000000000002,-0.58,-0.09,8e-4
2017-12-01,0.0106,-1.29,0.17,9e-4
2018-01-01,0.0558,-3.09,-1.32,0.0011
2018-02-01,-0.0365,0.3,-1.01,0.0011
2018-03-01,-0.0235,4.05,-0.12,0.0012
2018-04-01,0.0029,1.13,0.5,0.0014000000000000002
2018-05-01,0.0265,5.28,-3.15,0.0014000000000000002
2018-06-01,0.0048,1.19,-2.31,0.0014000000000000002
2018-07-01,0.0319,-2.21,0.57,0.0016
2018-08-01,0.0344,1.15,-3.92,0.0016
2018-09-01,6e-4,-2.28,-1.63,0.0015
2018-10-01,-0.0768,-4.78,3.46,0.0019
2018-11-01,0.0169,-0.71,0.34,0.0018
2018-12-01,-0.0955,-2.48,-1.89,0.0019
2019-01-01,0.08410000000000001,2.89,-0.46,0.0021
2019-02-01,0.034,2.12,-2.71,0.0018
2019-03-01,0.011000000000000001,-3.05,-4.19,0.0019
2019-04-01,0.039599999999999996,-1.75,2.02,0.0021
2019-05-01,-0.0694,-1.18,-2.28,0.0021
2019-06-01,0.0693,0.22,-0.79,0.0018
2019-07-01,0.011899999999999999,-2.08,0.34,0.0019
2019-08-01,-0.0258,-2.4,-4.85,0.0016
2019-09-01,0.0143,-1.05,6.77,0.0018
2019-10-01,0.0206,0.24,-1.88,0.0015
2019-11-01,0.0387,0.91,-2.05,0.0012
2019-12-01,0.0277,0.67,1.91,0.0014000000000000002
2020-01-01,-0.0011,-3.08,-6.27,0.0013
2020-02-01,-0.08130000000000001,1.02,-3.92,0.0012
2020-03-01,-0.1338,-5.03,-13.96,0.0012
2020-04-01,0.1365,2.75,-1.39,0
2020-05-01,0.0558,2.49,-5.05,1e-4
2020-06-01,0.0246,2.71,-2.35,1e-4
2020-07-01,0.057699999999999994,-2.18,-1.39,1e-4
2020-08-01,0.07629999999999999,-0.25,-2.94,1e-4
2020-09-01,-0.0363,0.06,-2.51,1e-4
2020-10-01,-0.021,4.44,4.03,1e-4
2020-11-01,0.1247,5.48,2.11,1e-4
2020-12-01,0.0463,4.81,-1.36,1e-4
2021-01-01,-4e-4,7.19,2.85,0
2021-02-01,0.0279,2.11,7.07,0
