symbol,date,open,high,low,close,volume,adjusted
IBM,2010-12-31,146.729996,147.070007,145.960007,146.759995,2969800,104.48719
IBM,2011-01-03,147.210007,148.199997,147.139999,147.479996,4603800,104.999786
IBM,2011-01-04,147.559998,148.220001,146.639999,147.639999,5060100,105.113693
IBM,2011-01-05,147.339996,147.479996,146.729996,147.050003,4657400,104.693611
IBM,2011-01-06,147.130005,148.789993,146.820007,148.660004,5029200,105.83989
IBM,2011-01-07,148.789993,148.860001,146.940002,147.929993,4135700,105.320175
IBM,2011-01-10,147.580002,148.059998,147.229996,147.639999,3633400,105.113693
IBM,2011-01-11,148.199997,148.350006,146.75,147.279999,4163600,104.857391
IBM,2011-01-12,147.990005,149.289993,147.669998,149.100006,4091500,106.15316
IBM,2011-01-13,149.240005,149.289993,148.25,148.820007,3445800,105.953812
IBM,2011-01-14,148.889999,150,148.470001,150,4544200,106.793915
IBM,2011-01-18,149.820007,151.460007,149.380005,150.649994,9176900,107.256668
IBM,2011-01-19,153.259995,156.130005,152.830002,155.690002,12141000,110.844971
IBM,2011-01-20,154.529999,155.960007,154.449997,155.800003,7439900,110.923286
IBM,2011-01-21,156.399994,156.779999,154.960007,155.5,7009000,110.709709
IBM,2011-01-24,155.419998,159.789993,155.330002,159.630005,7285100,113.650063
IBM,2011-01-25,159.210007,164.350006,159,161.440002,8260800,114.938713
IBM,2011-01-26,161.669998,161.899994,160.419998,161.039993,5353100,114.653946
IBM,2011-01-27,161.429993,162.179993,160.860001,161.070007,4878300,114.675285
IBM,2011-01-28,161.050003,161.919998,158.669998,159.210007,6725600,113.351051
IBM,2011-01-31,159.179993,162,158.679993,162,7197200,115.33744
IBM,2011-02-01,162.110001,163.940002,162,163.559998,5831300,116.448105
IBM,2011-02-02,163.399994,163.600006,162.610001,163.300003,3904000,116.263
IBM,2011-02-03,163.160004,164.199997,162.809998,163.529999,4683400,116.426704
IBM,2011-02-04,163.479996,164.139999,163.220001,164,3755200,116.761391
IBM,2011-02-07,164.080002,164.990005,164.020004,164.820007,4928100,117.345215
IBM,2011-02-08,164.820007,166.25,164.320007,166.050003,5612600,118.68895
IBM,2011-02-09,165.619995,165.970001,164.100006,164.649994,4633600,117.688248
IBM,2011-02-10,163.899994,165,163.179993,164.089996,5737800,117.28797900000001
IBM,2011-02-11,163.979996,165.009995,163.309998,163.850006,5185200,117.116455
IBM,2011-02-14,164.179993,164.380005,162.850006,163.220001,4129800,116.666168
IBM,2011-02-15,162.889999,163.570007,162.520004,162.839996,3768700,116.394485
IBM,2011-02-16,163.330002,163.600006,162.75,163.399994,3216000,116.794769
IBM,2011-02-17,163.300003,164.669998,162.850006,164.240005,3230500,117.395187
IBM,2011-02-18,164.460007,164.839996,164.100006,164.839996,4245000,117.824036
IBM,2011-02-22,163.570007,164.259995,161.779999,161.949997,5209300,115.758362
IBM,2011-02-23,161.809998,162.679993,160.139999,160.179993,5998100,114.49321
IBM,2011-02-24,159.630005,161.270004,159.029999,160.770004,5707500,114.914902
IBM,2011-02-25,161.059998,162.339996,160.860001,162.279999,4518400,115.994232
IBM,2011-02-28,162.360001,162.990005,161.240005,161.880005,4773000,115.708374
IBM,2011-03-01,163.149994,163.149994,159.880005,159.970001,4382800,114.343094
IBM,2011-03-02,159.429993,161.110001,159.410004,160.160004,3413000,114.478935
IBM,2011-03-03,161.419998,164,161.270004,163.479996,4057800,116.851952
IBM,2011-03-04,163.399994,164.309998,160.649994,161.830002,4910700,115.672546
IBM,2011-03-07,161.600006,162.979996,158.850006,159.929993,5312000,114.314491
IBM,2011-03-08,159.699997,163.429993,159.210007,162.279999,5384800,115.994232
IBM,2011-03-09,163.470001,167.720001,163.279999,165.860001,9086600,118.553123
IBM,2011-03-10,164.639999,164.669998,161.380005,162.020004,7041400,115.808342
IBM,2011-03-11,162.399994,163.240005,160.839996,162.429993,4271000,116.101418
IBM,2011-03-14,161.160004,161.979996,160.089996,161.389999,4300500,115.358086
IBM,2011-03-15,157.350006,159.639999,156.880005,159.020004,6475800,113.664093
IBM,2011-03-16,156.520004,156.979996,151.710007,153,12195300,109.361053
IBM,2011-03-17,154,154.5,152.699997,154.179993,7376400,110.204498
IBM,2011-03-18,156.5,156.949997,154.320007,155.889999,11450000,111.426804
IBM,2011-03-21,157.639999,159.630005,157.070007,157.679993,5784000,112.706276
IBM,2011-03-22,158.559998,158.610001,157.520004,158,4311400,112.934998
IBM,2011-03-23,158,160.080002,157.529999,159.529999,4782500,114.028603
IBM,2011-03-24,160.229996,160.710007,158.839996,160.039993,5145800,114.393097
IBM,2011-03-25,160.979996,162.740005,160.759995,162.179993,5348100,115.922775
IBM,2011-03-28,161.539993,162.580002,161.119995,161.369995,3972800,115.343742
IBM,2011-03-29,161.339996,163.089996,161.149994,162.880005,3456700,116.423103
IBM,2011-03-30,163.550003,163.990005,163.020004,163.600006,3394100,116.937767
IBM,2011-03-31,163.399994,164.059998,163.070007,163.070007,3860800,116.558899
IBM,2011-04-01,163.699997,164.419998,163.039993,164.270004,4381900,117.416618
IBM,2011-04-04,164.419998,164.729996,163.580002,164.25,3225100,117.402367
IBM,2011-04-05,163.809998,164.699997,163.619995,163.990005,3612000,117.216499
IBM,2011-04-06,164.339996,164.75,163.809998,164.039993,3774800,117.252274
IBM,2011-04-07,164.100006,164.550003,163.279999,164.380005,3666700,117.495255
IBM,2011-04-08,164.350006,164.380005,163.160004,164.050003,3324100,117.259369
IBM,2011-04-11,163.440002,164,163.110001,163.949997,4139000,117.187866
IBM,2011-04-12,163.360001,163.770004,162.300003,163.25,3860600,116.687584
IBM,2011-04-13,163.970001,164.929993,163.660004,163.949997,4181900,117.187866
IBM,2011-04-14,163.839996,165.360001,163.160004,164.970001,4699100,117.916962
IBM,2011-04-15,165,166.339996,164.869995,166.210007,5287400,118.803307
IBM,2011-04-18,164.639999,166.160004,162.860001,165.940002,6160700,118.610352
IBM,2011-04-19,165.710007,166.380005,164.440002,165.399994,6547100,118.224327
IBM,2011-04-20,163.100006,165.889999,162.190002,164.75,10891800,117.759689
IBM,2011-04-21,165.630005,168.449997,164.860001,168.279999,6158400,120.282906
IBM,2011-04-25,167.649994,168.770004,167.229996,167.669998,3583800,119.846939
IBM,2011-04-26,167.990005,169.199997,167.399994,168.490005,7300000,120.433022
IBM,2011-04-27,168.610001,170.589996,168.460007,170.369995,5299700,121.776764
IBM,2011-04-28,169.990005,171.380005,169.699997,170.779999,5087700,122.069847
IBM,2011-04-29,171.100006,173,170.479996,170.580002,5587700,121.926849
IBM,2011-05-02,172.110001,173.539993,171.490005,172.149994,5396200,123.049072
IBM,2011-05-03,172,173.479996,171.229996,172.869995,5007700,123.563698
IBM,2011-05-04,172.360001,172.619995,169.589996,170.619995,6890300,121.955482
IBM,2011-05-05,170.470001,170.869995,167.5,168.460007,7332000,120.411575
IBM,2011-05-06,169.029999,170.149994,168.240005,168.889999,4839400,121.258781
IBM,2011-05-09,168.389999,169.850006,168.309998,169.100006,3594800,121.409546
IBM,2011-05-10,169.25,170.899994,169.220001,170.380005,4934800,122.328568
IBM,2011-05-11,170.300003,170.520004,167.820007,169.5,4663200,121.696709
IBM,2011-05-12,169.649994,172.770004,168.649994,172.240005,5138500,123.663986
IBM,2011-05-13,171.699997,172.149994,169.440002,169.919998,5167400,121.998245
IBM,2011-05-16,169.809998,170.639999,168.309998,168.860001,4662200,121.237221
IBM,2011-05-17,167.850006,171.410004,166.529999,170.5,8773200,122.414711
IBM,2011-05-18,170.100006,171.190002,169.460007,170.440002,4154300,122.371605
IBM,2011-05-19,170.860001,171.399994,169.320007,170.589996,3538300,122.479301
IBM,2011-05-20,170.399994,171.149994,169.380005,170.160004,4869900,122.170601
IBM,2011-05-23,168.580002,168.690002,167.070007,168.259995,5144000,120.806458
IBM,2011-05-24,168.5,168.669998,167.509995,167.990005,4643600,120.612579
IBM,2011-05-25,167.630005,168.399994,167.509995,167.75,3882100,120.440247
IBM,2011-05-26,167.460007,167.5,165.899994,167.179993,5771300,120.031021
IBM,2011-05-27,167.910004,168.470001,167,167.5,3277600,120.260796
IBM,2011-05-31,168.440002,169.889999,167.820007,168.929993,9123400,121.287491
IBM,2011-06-01,168.899994,169.580002,166.5,166.559998,5134600,119.585884
IBM,2011-06-02,166.440002,167.100006,165.710007,166.089996,3854100,119.248413
IBM,2011-06-03,164.300003,165.889999,164.130005,165.050003,5230500,118.501732
IBM,2011-06-06,164.759995,165.580002,164.270004,164.75,3619700,118.286316
IBM,2011-06-07,165.110001,165.240005,163.610001,163.690002,4187000,117.525299
IBM,2011-06-08,163.270004,164.850006,163.259995,164.339996,3850800,117.991982
IBM,2011-06-09,165.009995,165.960007,164.759995,164.839996,4299800,118.350945
IBM,2011-06-10,164.570007,164.839996,162.869995,163.179993,4683300,117.159134
IBM,2011-06-13,164.440002,164.460007,162.729996,163.169998,5099200,117.151939
IBM,2011-06-14,163.869995,164.570007,163.649994,164.119995,7050000,117.834015
IBM,2011-06-15,162.75,163.410004,161.520004,162.330002,5225600,116.548828
IBM,2011-06-16,162.059998,163.630005,161.779999,162.669998,4861100,116.792946
IBM,2011-06-17,164.240005,165.100006,163.580002,164.440002,7149700,118.063812
IBM,2011-06-20,163.699997,165.610001,163.589996,165.020004,3956100,118.480225
IBM,2011-06-21,165.199997,166.75,164,166.220001,5387300,119.341751
IBM,2011-06-22,165.589996,166.809998,165.100006,165.679993,3960500,118.954063
IBM,2011-06-23,164.059998,166.729996,163.800003,166.119995,5271500,119.269974
IBM,2011-06-24,165.850006,165.940002,164.570007,165.070007,4402600,118.516098
IBM,2011-06-27,165.740005,168.240005,165.210007,167.619995,4446700,120.346947
IBM,2011-06-28,168.330002,170.699997,168.009995,170.009995,4850000,122.062874
IBM,2011-06-29,170.610001,170.860001,169.820007,170.539993,3817100,122.443474
IBM,2011-06-30,171.110001,172.449997,170.75,171.550003,5105200,123.168564
IBM,2011-07-01,171.610001,174.649994,171.490005,174.539993,5181700,125.315315
IBM,2011-07-05,173.520004,175.429993,173.520004,175.429993,4586500,125.95433
IBM,2011-07-06,175.190002,177.770004,175.089996,177.710007,5885900,127.591309
IBM,2011-07-07,176.779999,177.270004,176.119995,176.479996,5905600,126.708191
IBM,2011-07-08,175.490005,176.490005,175.009995,176.490005,4399900,126.715378
IBM,2011-07-11,174.899994,176.149994,174.610001,174.990005,4766500,125.63838199999999
IBM,2011-07-12,174.929993,175.369995,173.889999,174.050003,5036800,124.963539
IBM,2011-07-13,174.899994,176.320007,174,174.320007,4074800,125.157356
IBM,2011-07-14,174.399994,176.100006,173.839996,174.229996,4613100,125.092728
IBM,2011-07-15,175.080002,175.940002,174.070007,175.539993,5347100,126.033318
IBM,2011-07-18,174.729996,176.460007,173.580002,175.279999,8879700,125.846642
IBM,2011-07-19,178.740005,185.210007,178.649994,185.210007,13245600,132.976105
IBM,2011-07-20,183.839996,184.419998,183,183.649994,5901100,131.856079
IBM,2011-07-21,183.589996,185.5,182.899994,184.899994,4958400,132.75354
IBM,2011-07-22,184.639999,185.630005,184.259995,185.179993,4516100,132.954575
IBM,2011-07-25,183.889999,184.960007,183.279999,183.699997,4987000,131.891968
IBM,2011-07-26,182.940002,184.050003,182.649994,182.929993,4356200,131.339096
IBM,2011-07-27,182.009995,182.910004,180.929993,181.350006,5806800,130.204727
IBM,2011-07-28,181.059998,183.270004,180.880005,181.800003,4478800,130.527847
IBM,2011-07-29,180.259995,183.429993,179.729996,181.850006,6665600,130.563721
IBM,2011-08-01,182.600006,183.690002,178.5,180.75,5842700,129.773926
IBM,2011-08-02,179.949997,182.289993,177.860001,178.050003,5770400,127.835464
IBM,2011-08-03,177.669998,179.229996,175.410004,178.830002,6722000,128.395447
IBM,2011-08-04,176.5,177.919998,171.179993,171.479996,11022300,123.118317
IBM,2011-08-05,172.100006,174.220001,166.520004,172.979996,11871800,124.195282
IBM,2011-08-08,168.830002,172.610001,166,166.220001,15804900,119.861511
IBM,2011-08-09,167.460007,171.050003,162,170.610001,12517600,123.027061
IBM,2011-08-10,168.179993,169.229996,161.850006,162.539993,13993600,117.20784
IBM,2011-08-11,164.100006,168.770004,162.940002,166.729996,9175600,120.229233
IBM,2011-08-12,168.5,169.380005,165.830002,168.199997,5187000,121.289253
IBM,2011-08-15,171.320007,174,170.389999,172.990005,7645400,124.74334
IBM,2011-08-16,172.190002,172.190002,169,171.240005,5585400,123.481438
IBM,2011-08-17,171.570007,172.990005,169.889999,171.479996,5129700,123.65448
IBM,2011-08-18,166.320007,166.460007,160.160004,163.830002,15082600,118.138031
IBM,2011-08-19,162.169998,163.940002,157.130005,157.539993,14068600,113.602295
IBM,2011-08-22,161.350006,161.679993,157.619995,158.979996,7249100,114.640701
IBM,2011-08-23,160.649994,164.589996,159.529999,164.320007,6923300,118.491356
IBM,2011-08-24,164.130005,166.830002,163.350006,166.759995,6427000,120.250854
IBM,2011-08-25,167.520004,168.529999,164.850006,165.580002,6751600,119.399979
IBM,2011-08-26,164.850006,169.330002,163.279999,169.139999,6438200,121.96711
IBM,2011-08-29,170.580002,172.720001,170.360001,172.619995,5293400,124.476509
IBM,2011-08-30,172.059998,173.509995,170.880005,172.509995,4477700,124.397209
IBM,2011-08-31,173.289993,173.720001,170.710007,171.910004,6074200,123.964546
IBM,2011-09-01,172.710007,173.679993,170.119995,170.330002,5463900,122.825157
IBM,2011-09-02,167.690002,168.929993,166,166.979996,4979100,120.409485
IBM,2011-09-06,163.059998,165.550003,162.199997,165.110001,5761200,119.061035
IBM,2011-09-07,167.279999,167.899994,166.160004,167.309998,6796600,120.647453
IBM,2011-09-08,167,169.580002,165.100006,165.25,6027200,119.162018
IBM,2011-09-09,164.570007,165.190002,160.809998,161.369995,6743900,116.364136
IBM,2011-09-12,160.039993,162.440002,158.759995,162.419998,5247200,117.121284
IBM,2011-09-13,163.639999,163.919998,161.539993,163.429993,4723800,117.849586
IBM,2011-09-14,164.009995,169.660004,161.990005,167.240005,6980700,120.597
IBM,2011-09-15,168.639999,170.160004,167.229996,170.089996,5464400,122.652138
IBM,2011-09-16,171.330002,172.990005,169.740005,172.990005,11048100,124.74334
IBM,2011-09-19,169.5,173.869995,169.429993,173.130005,4755600,124.844269
IBM,2011-09-20,173.570007,177.429993,172.699997,174.720001,6209600,125.990807
IBM,2011-09-21,175,177.669998,172.619995,173.020004,7043100,124.764931
IBM,2011-09-22,168.330002,169.970001,166.5,168.619995,8195600,121.592094
IBM,2011-09-23,166.990005,169.539993,165.759995,169.339996,5586600,122.11129
IBM,2011-09-26,170.960007,174.699997,169.860001,174.509995,6745700,125.839439
IBM,2011-09-27,176.820007,179.619995,176.429993,177.710007,7638800,128.146927
IBM,2011-09-28,177.970001,180.75,177.080002,177.550003,7732200,128.03157
IBM,2011-09-29,179.690002,180.910004,175.529999,179.169998,6944300,129.199707
IBM,2011-09-30,176.009995,178.270004,174.75,174.869995,7807400,126.098991
IBM,2011-10-03,174.360001,177.919998,173.039993,173.289993,9042600,124.959641
IBM,2011-10-04,171.539993,175.070007,168.880005,174.740005,9200000,126.005272
IBM,2011-10-05,174.570007,177.300003,172.679993,176.850006,5851700,127.526825
IBM,2011-10-06,176.809998,181.990005,175.660004,181.690002,7180900,131.016937
IBM,2011-10-07,182.320007,183.720001,181.639999,182.389999,6842600,131.521667
IBM,2011-10-10,183,186.630005,182.899994,186.619995,5784800,134.571915
IBM,2011-10-11,184.589996,186,184.110001,185,5330500,133.403763
IBM,2011-10-12,186.080002,188,185.649994,186.119995,5338200,134.211365
IBM,2011-10-13,184.970001,187.5,184.5,186.820007,4399200,134.716171
IBM,2011-10-14,188.190002,190.529999,187.729996,190.529999,5368200,137.391479
IBM,2011-10-17,189.710007,190.160004,185.899994,186.589996,8790300,134.550308
IBM,2011-10-18,178,179.380005,176.25,178.899994,15729400,129.005051
IBM,2011-10-19,179.679993,179.809998,177.009995,177.389999,6708300,127.916145
IBM,2011-10-20,178.130005,179.240005,176.169998,177.25,7513800,127.815208
IBM,2011-10-21,179.110001,181.669998,178.75,181.630005,8054200,130.973633
IBM,2011-10-24,181.509995,183.389999,180.619995,182.25,5890600,131.420715
IBM,2011-10-25,181.660004,182.970001,180.009995,180.360001,5373100,130.057846
IBM,2011-10-26,181.740005,182.279999,179.029999,181.970001,5387700,131.218826
IBM,2011-10-27,184.990005,187,183.179993,185.880005,7057800,134.038315
IBM,2011-10-28,185.570007,188.070007,185.279999,187.449997,5009800,135.170456
IBM,2011-10-31,185.589996,186.910004,184.630005,184.630005,4710000,133.136963
IBM,2011-11-01,181.550003,183.259995,180.740005,181.350006,5881200,130.771713
IBM,2011-11-02,184,185.25,183.029999,183.919998,4136600,132.624969
IBM,2011-11-03,185.130005,187.779999,184.020004,187.300003,4953500,135.062271
IBM,2011-11-04,186.270004,187.139999,184.740005,186.380005,3237600,134.398834
IBM,2011-11-07,186.220001,187.729996,184.75,187.320007,3530800,135.076721
IBM,2011-11-08,187.479996,187.880005,185.509995,187.25,4330600,135.569046
IBM,2011-11-09,184.199997,185.240005,181.160004,182.240005,5494800,131.941818
IBM,2011-11-10,183.580002,184.770004,181.869995,183.350006,3881600,132.745407
IBM,2011-11-11,185.270004,187.830002,185.139999,187.380005,3665300,135.663147
IBM,2011-11-14,189.169998,189.839996,186.850006,187.350006,6038600,135.641418
IBM,2011-11-15,187.490005,189.970001,185.639999,188.75,4585300,136.655029
IBM,2011-11-16,187.820007,189.899994,186.300003,186.619995,4616800,135.112885
IBM,2011-11-17,186.809998,188.830002,183.389999,185.729996,5840500,134.468521
IBM,2011-11-18,186.710007,186.970001,184.660004,185.240005,4440900,134.11377
IBM,2011-11-21,183.369995,183.960007,180,181.479996,5145100,131.391586
IBM,2011-11-22,182.220001,182.979996,180.289993,181.309998,4178600,131.268463
IBM,2011-11-23,180.669998,181.490005,177.520004,177.949997,4800900,128.835831
IBM,2011-11-25,178.009995,179.559998,177.059998,177.059998,2232800,128.191406
IBM,2011-11-28,182.710007,182.929993,180.669998,182.210007,4524200,131.920044
IBM,2011-11-29,182.020004,183.309998,180.839996,180.940002,3661600,131.00058
IBM,2011-11-30,184.570007,188.350006,184.210007,188,7836800,136.11203
IBM,2011-12-01,187.009995,189.990005,186.770004,189.449997,4858800,137.161804
IBM,2011-12-02,189.919998,191.330002,189.449997,189.660004,4962200,137.313919
IBM,2011-12-05,191.179993,193.610001,190.380005,190.839996,5699400,138.168213
IBM,2011-12-06,190.649994,193.529999,190.320007,192.940002,4144900,139.688614
IBM,2011-12-07,191.990005,194.899994,191.279999,194.050003,5081700,140.492203
IBM,2011-12-08,192.479996,193.800003,191.070007,191.580002,4369000,138.703903
IBM,2011-12-09,192.910004,194.869995,192.399994,194.559998,4847900,140.861465
IBM,2011-12-12,193.639999,193.899994,191.220001,192.179993,3796100,139.138306
IBM,2011-12-13,193.460007,194.300003,190.639999,191.149994,5008400,138.392639
IBM,2011-12-14,189.839996,190.279999,188,188.720001,5057700,136.633286
IBM,2011-12-15,190.479996,191.199997,186.889999,187.479996,4474500,135.735519
IBM,2011-12-16,188.009995,188.009995,181.910004,183.570007,11849400,132.904678
IBM,2011-12-19,184.509995,184.690002,182.25,182.889999,5039900,132.412399
IBM,2011-12-20,185.5,187.330002,184.759995,187.240005,4740100,135.561768
IBM,2011-12-21,183.220001,183.5,179.039993,181.470001,9282500,131.384277
IBM,2011-12-22,182.710007,182.800003,181,182.039993,5052000,131.796967
IBM,2011-12-23,183.110001,184.850006,181.889999,184.75,3052300,133.759003
IBM,2011-12-27,184.970001,185.850006,184.389999,184.949997,2775200,133.903885
IBM,2011-12-28,185.190002,185.399994,183.339996,183.990005,2872000,133.208755
IBM,2011-12-29,184.070007,186.229996,184.009995,186.179993,2941600,134.794312
IBM,2011-12-30,186.330002,186.479996,183.850006,183.880005,3530900,133.129135
IBM,2012-01-03,186.729996,188.710007,186,186.300003,5646000,134.881241
IBM,2012-01-04,185.570007,186.330002,184.940002,185.539993,4346700,134.330948
IBM,2012-01-05,184.809998,185.029999,183.100006,184.660004,4463100,133.693863
IBM,2012-01-06,184.389999,184.479996,182.309998,182.539993,4897100,132.158981
IBM,2012-01-09,182.199997,182.270004,180.270004,181.589996,5201200,131.471176
IBM,2012-01-10,183.229996,183.720001,181.199997,181.309998,5161000,131.268463
IBM,2012-01-11,180.729996,182.809998,180.5,182.320007,4110800,131.99971
IBM,2012-01-12,181.860001,181.910004,178.380005,180.550003,6881000,130.718216
IBM,2012-01-13,179.479996,179.610001,177.350006,179.160004,5279200,129.711868
IBM,2012-01-17,180.360001,182,179.320007,180,6003400,130.320023
IBM,2012-01-18,179.830002,181.600006,179.5,181.070007,4600600,131.094696
IBM,2012-01-19,181.789993,182.360001,180.350006,180.520004,8567200,130.696518
IBM,2012-01-20,185.770004,188.970001,184.75,188.520004,12849700,136.488495
IBM,2012-01-23,187.910004,190.520004,187.669998,189.979996,5751700,137.545547
IBM,2012-01-24,188.630005,192.300003,188.520004,191.929993,5345700,138.957352
IBM,2012-01-25,191.330002,192.240005,189.610001,191.729996,4359700,138.812515
IBM,2012-01-26,191.789993,192.789993,190.470001,190.979996,4004700,138.269531
IBM,2012-01-27,190.009995,191.770004,189.809998,190.460007,3360400,137.893005
IBM,2012-01-30,189.389999,192.729996,188.220001,192.5,4359000,139.370056
IBM,2012-01-31,193.089996,193.100006,191,192.600006,4826800,139.442398
IBM,2012-02-01,193.210007,194.809998,192.410004,192.619995,5088800,139.456909
IBM,2012-02-02,192.720001,193.330002,191.330002,191.529999,3907300,138.66777
IBM,2012-02-03,192.929993,194.130005,192.539993,193.639999,4521700,140.195374
IBM,2012-02-06,192.479996,193.759995,192,192.820007,3639800,139.601715
IBM,2012-02-07,192.449997,194.139999,191.970001,193.350006,3433000,139.985458
IBM,2012-02-08,192.779999,193.580002,191.729996,192.949997,3803800,140.239822
IBM,2012-02-09,193.029999,194.460007,192.550003,193.130005,3876400,140.370651
IBM,2012-02-10,191.759995,192.429993,191.279999,192.419998,3391100,139.854599
IBM,2012-02-13,193.309998,193.690002,191.740005,192.619995,2458800,139.999969
IBM,2012-02-14,191.759995,192.600006,190.830002,192.220001,3398100,139.709244
IBM,2012-02-15,192.309998,193.440002,191.259995,192.25,4020900,139.731018
IBM,2012-02-16,192.610001,193.25,192,193.020004,3525500,140.290665
IBM,2012-02-17,193.710007,193.860001,192.300003,193.419998,3746500,140.581421
IBM,2012-02-21,193.729996,194.240005,192.460007,193.389999,3293600,140.55957
IBM,2012-02-22,193.029999,194.740005,192.75,193.869995,3275800,140.908508
IBM,2012-02-23,193.869995,199.229996,193.279999,197.610001,8032700,143.626755
IBM,2012-02-24,198.380005,198.559998,196.610001,197.759995,3353200,143.735809
IBM,2012-02-27,196.779999,198.710007,196.100006,197.529999,3758400,143.568604
IBM,2012-02-28,197.75,198.960007,197.429993,197.979996,3167400,143.895691
IBM,2012-02-29,197.860001,199.169998,196.449997,196.729996,5117100,142.987213
IBM,2012-03-01,197.229996,198.470001,196.929993,197.529999,3560300,143.568604
IBM,2012-03-02,197.100006,198.889999,197.059998,198.809998,3727400,144.498962
IBM,2012-03-05,198.360001,201.190002,198.300003,200.660004,6938000,145.843552
IBM,2012-03-06,199.139999,199.639999,196.809998,197.259995,5214700,143.372406
IBM,2012-03-07,198.089996,198.570007,197.309998,197.770004,3346900,143.743103
IBM,2012-03-08,199.240005,199.990005,198.649994,199.809998,3145800,145.2258
IBM,2012-03-09,199.979996,201.100006,199.720001,200.619995,3178200,145.814545
IBM,2012-03-12,200.929993,201.570007,200.229996,201,3119700,146.090637
IBM,2012-03-13,201.720001,203.899994,201.610001,203.779999,4866000,148.111252
IBM,2012-03-14,203.779999,205.149994,203.639999,204.720001,4602300,148.794479
IBM,2012-03-15,204.940002,206.179993,204.740005,206,3621100,149.724777
IBM,2012-03-16,207.029999,207.520004,206.009995,206.009995,9637000,149.732071
IBM,2012-03-19,205.710007,206.529999,204.5,205.720001,3763200,149.521255
IBM,2012-03-20,204.740005,205,203.699997,204.25,3695100,148.452881
IBM,2012-03-21,204.320007,205.770004,204.300003,204.690002,3329900,148.772644
IBM,2012-03-22,204,205.990005,203.960007,205.490005,3307800,149.354111
IBM,2012-03-23,205.889999,205.960007,204.559998,205.479996,3036200,149.346817
IBM,2012-03-26,206.449997,207.919998,206.320007,207.770004,3418200,151.011276
IBM,2012-03-27,208.460007,208.660004,207,207.179993,2704500,150.582443
IBM,2012-03-28,207.440002,208.690002,206.270004,207.289993,3265700,150.662415
IBM,2012-03-29,206.089996,208.5,206.020004,208.270004,3403700,151.374664
IBM,2012-03-30,208.740005,209.119995,208.009995,208.649994,3215200,151.650833
IBM,2012-04-02,208.960007,209.690002,208.089996,209.470001,3387900,152.246872
IBM,2012-04-03,209.309998,210.690002,208.539993,209.5,4091500,152.268616
IBM,2012-04-04,206.220001,206.979996,205.190002,206.050003,4404000,149.76113899999999
IBM,2012-04-05,205.149994,205.679993,204.460007,205.470001,3809000,149.3396
IBM,2012-04-09,204.399994,206.169998,203.369995,204.940002,3326900,148.954361
IBM,2012-04-10,204.940002,205.740005,202.169998,202.330002,4132900,147.057358
IBM,2012-04-11,203.990005,204.320007,202.460007,202.580002,3366200,147.23912
IBM,2012-04-12,202.800003,205.559998,202.639999,205.320007,2929600,149.230591
IBM,2012-04-13,204.320007,204.649994,202.800003,202.800003,3767000,147.398941
IBM,2012-04-16,204.740005,205.970001,202.720001,202.720001,3826600,147.34082
IBM,2012-04-17,204.570007,207.639999,204.149994,207.449997,6065500,150.778671
IBM,2012-04-18,202.429993,204.070007,200,200.130005,10153500,145.458405
IBM,2012-04-19,200.029999,201.259995,197.520004,199.509995,5762900,145.007736
IBM,2012-04-20,199.830002,200.119995,199.089996,199.600006,4758200,145.073181
IBM,2012-04-23,197.889999,199.100006,196.789993,198.619995,3618800,144.360855
IBM,2012-04-24,199.059998,202.479996,198.869995,200,5626300,145.363876
IBM,2012-04-25,202.020004,203.690002,201.800003,203.570007,4003400,147.958649
IBM,2012-04-26,203.399994,206.210007,203.399994,205.580002,3302700,149.41951
IBM,2012-04-27,206.470001,208.169998,205.910004,206.809998,3496900,150.313507
IBM,2012-04-30,206.710007,207.960007,206.320007,207.080002,2773200,150.509781
IBM,2012-05-01,207.179993,208.929993,206.710007,208,2715900,151.178406
IBM,2012-05-02,206.970001,208.270004,206.910004,208.059998,2360300,151.222015
IBM,2012-05-03,208.270004,208.919998,206.550003,207.240005,2826600,150.626068
IBM,2012-05-04,206.470001,207.110001,204.399994,204.990005,4023600,148.990723
IBM,2012-05-07,203.960007,204.770004,202.899994,203.75,3373400,148.089462
IBM,2012-05-08,202.440002,203.059998,199.720001,201.479996,3881500,147.05307
IBM,2012-05-09,199.990005,203,199.059998,201.229996,3742500,146.870605
IBM,2012-05-10,201,203.25,200.020004,200.600006,3830500,146.410751
IBM,2012-05-11,199.960007,202.119995,199.949997,201.169998,2391500,146.826767
IBM,2012-05-14,199.919998,200.710007,198.559998,199.440002,3029200,145.564117
IBM,2012-05-15,199.440002,201.470001,198.759995,199.039993,2987400,145.272186
IBM,2012-05-16,199.419998,201.350006,198.179993,199.729996,5001000,145.775757
IBM,2012-05-17,199.669998,200.789993,197.639999,197.889999,5626300,144.432846
IBM,2012-05-18,198.779999,198.779999,195.160004,195.880005,5737100,142.965805
IBM,2012-05-21,195.979996,197.929993,194.630005,197.759995,3831700,144.337952
IBM,2012-05-22,198.039993,198.259995,196.059998,196.820007,3567100,143.651917
IBM,2012-05-23,195.529999,196.490005,193.199997,196.119995,4100000,143.140945
IBM,2012-05-24,195.990005,196.279999,194,196.089996,3569300,143.119064
IBM,2012-05-25,195.110001,196,194,194.300003,2901900,141.812637
IBM,2012-05-29,195.220001,198.080002,195.220001,196.460007,3618500,143.389145
IBM,2012-05-30,194.800003,195.470001,193.770004,194.529999,3602500,141.980484
IBM,2012-05-31,194.100006,194.929993,192,192.899994,9287500,140.790833
IBM,2012-06-01,190.119995,191.720001,188.600006,189.080002,5206400,138.002747
IBM,2012-06-04,188.339996,189.380005,187,188.539993,4624500,137.608612
IBM,2012-06-05,187.919998,189.850006,187.559998,189.199997,3556500,138.090317
IBM,2012-06-06,190.779999,194,190.020004,193.990005,3641300,141.586349
IBM,2012-06-07,195.279999,195.830002,193.940002,194.440002,3701100,141.914795
IBM,2012-06-08,193.710007,195.139999,192.699997,195.139999,2479200,142.425735
IBM,2012-06-11,196.600006,196.699997,192.369995,192.509995,3273300,140.506195
IBM,2012-06-12,192.139999,194.669998,192.139999,194.550003,3023700,141.995132
IBM,2012-06-13,194.360001,195.190002,192.350006,193.100006,3247700,140.936768
IBM,2012-06-14,193,195.830002,192.740005,195.100006,3585000,142.396515
IBM,2012-06-15,196.080002,199.270004,195.399994,199.100006,6389000,145.31601
IBM,2012-06-18,197.570007,199.639999,197.169998,198.289993,3378900,144.724792
IBM,2012-06-19,198.830002,199.990005,198.800003,198.929993,3297600,145.191879
IBM,2012-06-20,198.699997,199.740005,197.5,198.779999,3378200,145.082428
IBM,2012-06-21,199.070007,199.449997,193.190002,193.389999,4316600,141.148392
IBM,2012-06-22,193.869995,194.880005,193.220001,193.699997,8823000,141.374725
IBM,2012-06-25,192.479996,193.389999,191.679993,192.860001,3211600,140.761658
IBM,2012-06-26,193.539993,193.679993,190.75,191.949997,3435900,140.097473
IBM,2012-06-27,192.139999,193.699997,190.899994,193,2762700,140.8638
IBM,2012-06-28,191.229996,192.080002,188.899994,191.399994,3967300,139.69603
IBM,2012-06-29,194.550003,195.809998,192.410004,195.580002,5259600,142.746872
IBM,2012-07-02,196.360001,197.199997,194.850006,195.830002,2827000,142.929352
IBM,2012-07-03,195.460007,196.339996,194.910004,195.929993,1450400,143.002289
IBM,2012-07-05,194.880005,196.850006,193.630005,195.289993,2690200,142.535217
IBM,2012-07-06,193.919998,193.940002,189.740005,191.410004,4952900,139.703308
IBM,2012-07-09,190.759995,191,188.050003,189.669998,3988100,138.433319
IBM,2012-07-10,190.300003,191.139999,185.600006,186.259995,4690300,135.944534
IBM,2012-07-11,186.220001,187.360001,183.509995,185.25,5456100,135.207367
IBM,2012-07-12,184.25,184.389999,181.850006,183.089996,4931300,133.630829
IBM,2012-07-13,183.460007,186.330002,183.029999,186.009995,3933000,135.762024
IBM,2012-07-16,185.580002,186.100006,184.580002,184.789993,3144400,134.871597
IBM,2012-07-17,185.729996,186.289993,183.199997,183.649994,5158600,134.039566
IBM,2012-07-18,184.149994,188.589996,183.550003,188.25,8019500,137.396957
IBM,2012-07-19,193.399994,196.850006,192.970001,195.339996,10395400,142.571655
IBM,2012-07-20,194.089996,194.899994,192.169998,192.449997,4789700,140.462402
IBM,2012-07-23,189.779999,191.300003,188.199997,190.830002,3904500,139.279984
IBM,2012-07-24,190.919998,191.320007,188.559998,190.339996,3597100,138.922394
IBM,2012-07-25,190.309998,192.770004,189.320007,191.080002,3833800,139.462448
IBM,2012-07-26,193.490005,194.949997,192.570007,193.949997,3282900,141.55719
IBM,2012-07-27,195.100006,197.410004,193.949997,196.389999,4177300,143.338043
IBM,2012-07-30,196.320007,197.839996,195.919998,196.679993,2787000,143.549713
IBM,2012-07-31,196.5,197.580002,195.880005,195.979996,3507000,143.038834
IBM,2012-08-01,196.960007,197.850006,194.720001,195.179993,2559300,142.45488
IBM,2012-08-02,194.160004,196.600006,193.020004,194.449997,2812600,141.922119
IBM,2012-08-03,196.479996,198.949997,196.160004,198.520004,3278100,144.892639
IBM,2012-08-06,198.759995,199.940002,198.520004,198.759995,2337800,145.06778
IBM,2012-08-07,199.429993,200.880005,198.800003,199.929993,3209400,145.921768
IBM,2012-08-08,198.270004,199.690002,198.160004,199.029999,2068300,145.885147
IBM,2012-08-09,198.619995,199.460007,197.889999,198.419998,2160100,145.438019
IBM,2012-08-10,197.869995,199.369995,197.240005,199.289993,2600500,146.075684
IBM,2012-08-13,198.880005,199.979996,197.789993,199.009995,2418300,145.870453
IBM,2012-08-14,198.880005,199.330002,197.720001,198.289993,2562300,145.342667
IBM,2012-08-15,198.899994,199.330002,197.919998,198.399994,2111800,145.423325
IBM,2012-08-16,198.770004,201.320007,198.119995,200.839996,2729500,147.211823
IBM,2012-08-17,201.080002,202,200.660004,201.220001,2551800,147.490356
IBM,2012-08-20,200.690002,201.130005,200.029999,200.5,2336000,146.962601
IBM,2012-08-21,200.990005,201,198.369995,198.649994,3111300,145.606583
IBM,2012-08-22,198.639999,198.649994,196.899994,197.25,3296100,144.580399
IBM,2012-08-23,197.039993,197.369995,195.440002,195.699997,2757400,143.444275
IBM,2012-08-24,194.960007,198.110001,194.199997,197.770004,2639500,144.961548
IBM,2012-08-27,197.960007,198.300003,195.610001,195.690002,2498800,143.436966
IBM,2012-08-28,195.559998,196.110001,194.5,194.869995,2539200,142.835938
IBM,2012-08-29,195.130005,196.039993,194.899994,195.080002,2141400,142.989853
IBM,2012-08-30,194.770004,195.470001,193.179993,193.369995,2740900,141.736435
IBM,2012-08-31,194.309998,195.949997,193.460007,194.850006,3193300,142.821213
IBM,2012-09-04,196.610001,197.169998,193.25,194.539993,4514400,142.594009
IBM,2012-09-05,194.410004,195.850006,193.889999,195.039993,3312500,142.96051
IBM,2012-09-06,196.259995,199.460007,196.110001,199.100006,3931700,145.936462
IBM,2012-09-07,199.119995,199.5,198.080002,199.5,3413700,146.229614
IBM,2012-09-10,199.389999,201.820007,198.729996,200.949997,4208000,147.292465
IBM,2012-09-11,200.550003,203.460007,200.509995,203.270004,3910600,148.992889
IBM,2012-09-12,203.520004,204.649994,202.960007,203.770004,3284000,149.359436
IBM,2012-09-13,204.380005,206.809998,203.460007,206.360001,3879600,151.257858
IBM,2012-09-14,206.240005,207.649994,206.050003,206.809998,4057100,151.587677
IBM,2012-09-17,205.550003,207.990005,205.550003,207.149994,3275100,151.836914
IBM,2012-09-18,206.880005,207.880005,206.479996,207.070007,2476100,151.778275
IBM,2012-09-19,207.550003,207.570007,206.009995,206.429993,2605600,151.309174
IBM,2012-09-20,205.850006,206.990005,205.300003,206.179993,3739100,151.1259
IBM,2012-09-21,207.360001,207.940002,205.919998,205.979996,12771500,150.979355
IBM,2012-09-24,205.020004,206.059998,204.899994,205.289993,3511100,150.473541
IBM,2012-09-25,205.600006,207.320007,204.949997,204.979996,3345200,150.246368
IBM,2012-09-26,205.050003,205.979996,203.899994,204,3423300,149.52803
IBM,2012-09-27,204.369995,206.899994,204.139999,205.910004,2771900,150.928024
IBM,2012-09-28,205.660004,208.320007,205.309998,207.449997,4910900,152.056793
IBM,2012-10-01,208.009995,211.75,207.940002,210.470001,5456900,154.270401
IBM,2012-10-02,210.960007,211.470001,208.5,209.839996,3321000,153.80864
IBM,2012-10-03,209.940002,211.300003,209.300003,210.509995,3192300,154.299713
IBM,2012-10-04,210.279999,210.970001,208.529999,210.389999,2957500,154.211792
IBM,2012-10-05,211.149994,211.789993,210.059998,210.589996,2858400,154.358414
IBM,2012-10-08,210.020004,210.639999,209.210007,209.820007,1982600,153.793961
IBM,2012-10-09,209.949997,210.740005,207.699997,207.990005,3580400,152.452621
IBM,2012-10-10,207.820007,208.229996,205.050003,205.820007,4024500,150.86203
IBM,2012-10-11,206.570007,207.270004,205.630005,205.759995,2910000,150.818069
IBM,2012-10-12,205.639999,207.960007,205.559998,207.800003,2712000,152.313339
IBM,2012-10-15,208.880005,209.399994,207.820007,208.929993,3060900,153.141602
IBM,2012-10-16,209.940002,211,209.470001,211,5632100,154.658905
IBM,2012-10-17,201.210007,203.410004,198.550003,200.630005,12673900,147.057877
IBM,2012-10-18,199.910004,200.139999,194.070007,194.960007,9295900,142.90184
IBM,2012-10-19,195.289993,196.080002,193.179993,193.360001,6620300,141.729095
IBM,2012-10-22,193.710007,194.679993,192.440002,194.399994,4402500,142.491409
IBM,2012-10-23,193.529999,194,190.940002,191.25,4427400,140.182541
IBM,2012-10-24,192.440002,193.289993,190.559998,190.720001,3738000,139.794052
IBM,2012-10-25,191.410004,192.440002,190.710007,191.600006,3249600,140.439056
IBM,2012-10-26,191.490005,193.869995,191.470001,193.270004,4006500,141.663147
IBM,2012-10-31,194.800003,196.410004,193.630005,194.529999,6052300,142.5867
IBM,2012-11-01,194.679993,197.889999,194.550003,197.149994,3758800,144.507111
IBM,2012-11-02,197.529999,198,193.289993,193.429993,4260100,141.780441
IBM,2012-11-05,192.360001,194.970001,192.009995,194.139999,2736200,142.300827
IBM,2012-11-06,195.259995,196.75,194.679993,195.070007,3281000,142.982498
IBM,2012-11-07,193.360001,193.679993,191.160004,191.160004,4746200,140.729782
IBM,2012-11-08,191.399994,191.809998,190.089996,190.100006,3542200,139.949417
IBM,2012-11-09,189.850006,191.639999,188.880005,189.639999,3671600,139.610748
IBM,2012-11-12,190.029999,190.770004,187.410004,189.25,3067400,139.323669
IBM,2012-11-13,188.389999,190.880005,188.25,188.320007,3406700,138.638977
IBM,2012-11-14,189.139999,189.270004,185.279999,185.509995,4404400,136.570282
IBM,2012-11-15,185.830002,187.199997,184.779999,185.850006,3411700,136.820633
IBM,2012-11-16,186.330002,187.559998,185.100006,186.940002,4660800,137.623047
IBM,2012-11-19,188.619995,190.389999,188.300003,190.350006,3588900,140.133438
IBM,2012-11-20,189.880005,190.110001,188.25,189.199997,3170200,139.286865
IBM,2012-11-21,189.300003,190.889999,188.949997,190.289993,5189600,140.089249
IBM,2012-11-23,191,193.490005,190.800003,193.490005,3877600,142.445084
IBM,2012-11-26,192.449997,193.369995,191.770004,192.880005,5210300,141.996017
IBM,2012-11-27,192.080002,193.050003,191,191.229996,3290900,140.781357
IBM,2012-11-28,190.979996,192.039993,189.270004,191.979996,3603600,141.33342
IBM,2012-11-29,192.75,192.899994,190.199997,191.529999,4077900,141.002167
IBM,2012-11-30,191.75,192,189.5,190.070007,4936400,139.927307
IBM,2012-12-03,190.759995,191.300003,188.360001,189.479996,3349600,139.492981
IBM,2012-12-04,189.710007,190.75,189.020004,189.360001,3990700,139.404633
IBM,2012-12-05,189.009995,189.460007,186.940002,188.649994,4202100,138.881943
IBM,2012-12-06,189.169998,190.179993,188.410004,189.699997,3216600,139.654892
IBM,2012-12-07,190.139999,192.199997,190.110001,191.949997,4091300,141.311386
IBM,2012-12-10,192.169998,193.539993,191.649994,192.619995,3438500,141.804565
IBM,2012-12-11,193.179993,194.800003,193.149994,194.199997,4144000,142.967758
IBM,2012-12-12,194.600006,194.75,192.460007,192.949997,4241900,142.047531
IBM,2012-12-13,192.179993,193.050003,191.369995,191.990005,3623200,141.34082
IBM,2012-12-14,191.690002,193.399994,191.259995,191.759995,3826900,141.171494
IBM,2012-12-17,191.759995,193.910004,191.759995,193.619995,3792400,142.540787
IBM,2012-12-18,193.850006,195.919998,193.839996,195.690002,4125900,144.064651
IBM,2012-12-19,195.460007,196.449997,195,195.080002,4270500,143.615631
IBM,2012-12-20,194.470001,194.949997,193.160004,194.770004,4184500,143.38739
IBM,2012-12-21,193.100006,194.5,191.570007,193.419998,8225300,142.39357
IBM,2012-12-24,193.050003,193.830002,192.020004,192.399994,1631200,141.642624
IBM,2012-12-26,192.210007,193.529999,190.949997,191.949997,2776500,141.311386
IBM,2012-12-27,191.529999,193.279999,190.699997,192.710007,3967600,141.870865
IBM,2012-12-28,191.110001,192.220001,189.830002,189.830002,3536600,139.750656
IBM,2012-12-31,189.229996,191.679993,188.839996,191.550003,4684900,141.016815
IBM,2013-01-02,194.089996,196.350006,193.800003,196.350006,4234100,144.550583
IBM,2013-01-03,195.669998,196.289993,194.440002,195.270004,3644700,143.755508
IBM,2013-01-04,194.190002,194.460007,192.779999,193.990005,3380200,142.813156
IBM,2013-01-07,193.399994,193.779999,192.339996,193.139999,2862300,142.187424
IBM,2013-01-08,192.919998,193.300003,191.600006,192.869995,3026900,141.988678
IBM,2013-01-09,193.479996,193.490005,191.649994,192.320007,3212000,141.58374
IBM,2013-01-10,192.649994,192.960007,191.279999,192.880005,3608100,141.996017
IBM,2013-01-11,194.149994,195,192.899994,194.449997,3880400,143.151794
IBM,2013-01-14,192.820007,193.279999,191.75,192.619995,4172200,141.804565
IBM,2013-01-15,191.309998,192.729996,190.389999,192.5,4172100,141.716232
IBM,2013-01-16,192,193.179993,191.350006,192.589996,2962900,141.782516
IBM,2013-01-17,193.850006,194.460007,193.240005,193.649994,3881600,142.562866
IBM,2013-01-18,194.029999,195,193.800003,194.470001,4559600,143.166519
IBM,2013-01-22,194.360001,196.080002,194.009995,196.080002,7172300,144.351822
IBM,2013-01-23,203.5,208.580002,203.360001,204.720001,12530500,150.712463
IBM,2013-01-24,203.910004,205.059998,203.080002,204.419998,4447200,150.491623
IBM,2013-01-25,204.449997,205.179993,204.130005,204.970001,3358900,150.896545
IBM,2013-01-28,204.850006,206.220001,204.289993,204.929993,2823700,150.86702
IBM,2013-01-29,204.339996,205.729996,203.639999,203.899994,3617100,150.108826
IBM,2013-01-30,203.690002,204.880005,203.190002,203.520004,2998400,149.829025
IBM,2013-01-31,203.320007,204.470001,202.960007,203.070007,3091400,149.497772
IBM,2013-02-01,204.649994,205.350006,203.839996,205.179993,3370700,151.051117
IBM,2013-02-04,204.190002,205.020004,203.570007,203.789993,3188800,150.027771
IBM,2013-02-05,204.309998,204.75,202.509995,202.789993,3636900,149.291672
IBM,2013-02-06,200.389999,201.289993,199.559998,201.020004,3624200,148.611496
IBM,2013-02-07,200.619995,200.910004,198.679993,199.740005,3076700,147.665207
IBM,2013-02-08,199.970001,202.089996,199.679993,201.679993,2893300,149.099442
IBM,2013-02-11,200.979996,201.949997,199.75,200.160004,2944700,147.975708
IBM,2013-02-12,200.009995,200.740005,199.020004,200.039993,2461800,147.886948
IBM,2013-02-13,200.649994,200.949997,199.570007,200.089996,2169800,147.92392
IBM,2013-02-14,199.729996,200.320007,199.259995,199.649994,3294200,147.598648
IBM,2013-02-15,199.979996,201.25,199.820007,200.979996,3627800,148.581879
IBM,2013-02-19,200.600006,201.889999,200.220001,200.320007,2998300,148.094025
IBM,2013-02-20,200.619995,201.720001,198.860001,199.309998,3715400,147.347275
IBM,2013-02-21,198.630005,199.070007,198.110001,198.330002,3922900,146.622818
IBM,2013-02-22,199.229996,201.089996,198.839996,201.089996,3107900,148.663254
IBM,2013-02-25,201.669998,202.490005,197.509995,197.509995,3844800,146.016602
IBM,2013-02-26,198.630005,199.899994,197.839996,199.139999,3391600,147.221634
IBM,2013-02-27,198.889999,202.75,198.600006,202.330002,4185100,149.579956
IBM,2013-02-28,202.179993,203.119995,200.789993,200.830002,4689200,148.471008
IBM,2013-03-01,200.649994,202.940002,199.360001,202.910004,3308300,150.008728
IBM,2013-03-04,202.589996,205.190002,202.550003,205.190002,3693400,151.694275
IBM,2013-03-05,205.860001,207.699997,205.690002,206.529999,3807800,152.684982
IBM,2013-03-06,207.029999,208.490005,206.660004,208.380005,3594800,154.052643
IBM,2013-03-07,208.289993,209.600006,208.240005,209.419998,3884400,154.821487
IBM,2013-03-08,209.850006,210.740005,209.429993,210.380005,3700500,155.531235
IBM,2013-03-11,210.039993,210.199997,209.039993,210.080002,3049700,155.309433
IBM,2013-03-12,209.399994,210.729996,209.089996,210.550003,3591600,155.656891
IBM,2013-03-13,210.199997,212.360001,209.770004,212.059998,3355900,156.773209
IBM,2013-03-14,212.149994,215.860001,212.149994,215.800003,5505500,159.538162
IBM,2013-03-15,215.380005,215.899994,213.410004,214.919998,7930300,158.887573
IBM,2013-03-18,212.899994,214.5,212.639999,213.210007,3006000,157.623428
IBM,2013-03-19,214.130005,215.119995,211.830002,213.440002,3198600,157.793411
IBM,2013-03-20,214.759995,215.820007,214.300003,215.059998,3019000,158.991089
IBM,2013-03-21,212.960007,213,210.110001,212.259995,5830400,156.921112
IBM,2013-03-22,212.210007,213.169998,211.619995,212.080002,3031500,156.78805500000001
IBM,2013-03-25,212.539993,212.809998,210.050003,210.740005,3242500,155.797394
IBM,2013-03-26,211.770004,212.5,211.5,212.360001,2300300,156.994965
IBM,2013-03-27,210.960007,212.160004,210.100006,210.889999,3223400,155.908234
IBM,2013-03-28,209.830002,213.440002,209.740005,213.300003,3749900,157.689911
IBM,2013-04-01,212.800003,213.5,211.25,212.380005,2144500,157.009781
IBM,2013-04-02,212.919998,214.710007,211.570007,214.360001,3116800,158.473587
IBM,2013-04-03,214.320007,214.889999,212.630005,212.660004,3128800,157.216797
IBM,2013-04-04,212.770004,212.929993,210.039993,211.309998,3709500,156.218719
IBM,2013-04-05,209.100006,209.839996,206.339996,209.410004,4148000,154.814072
IBM,2013-04-08,209.070007,209.320007,207.330002,209.320007,2351200,154.747589
IBM,2013-04-09,209.559998,210,208.610001,209.220001,2577300,154.673645
IBM,2013-04-10,211.860001,212.509995,210.470001,212,3524200,156.728867
IBM,2013-04-11,211.5,213.089996,210.850006,212.919998,3655600,157.408966
IBM,2013-04-12,210.789993,211.490005,209.779999,211.380005,3165400,156.270477
IBM,2013-04-15,210.440002,211.690002,209.259995,209.259995,4218100,154.703217
IBM,2013-04-16,210.839996,212,209.199997,212,2859500,156.728867
IBM,2013-04-17,210.529999,211.089996,209.5,209.669998,3269800,155.006317
IBM,2013-04-18,210.110001,210.25,206.149994,207.149994,6502000,153.143311
IBM,2013-04-19,195.740005,196.5,189.759995,190,18847000,140.464493
IBM,2013-04-22,191.149994,191.380005,187.679993,187.830002,9845400,138.860275
IBM,2013-04-23,189.270004,192.550003,188.610001,191.610001,6296100,141.654816
IBM,2013-04-24,192.160004,192.5,191.089996,191.710007,3693900,141.728729
IBM,2013-04-25,192.690002,195.169998,192.320007,193.949997,4650900,143.384689
IBM,2013-04-26,194.160004,194.710007,193.25,194.309998,3490300,143.650879
IBM,2013-04-29,194.779999,199.679993,194.649994,199.149994,5932400,147.228989
IBM,2013-04-30,199.130005,202.589996,197.350006,202.539993,7539900,149.735229
IBM,2013-05-01,201.869995,202.169998,199.199997,199.630005,4899100,147.583908
IBM,2013-05-02,200.119995,202.429993,199.75,202.389999,3945100,149.624329
IBM,2013-05-03,203.940002,205.320007,203.75,204.509995,4492700,151.191559
IBM,2013-05-06,203.789993,203.990005,201.520004,202.779999,4826500,149.912628
IBM,2013-05-07,202.809998,203.729996,201.649994,203.630005,3451000,150.541031
IBM,2013-05-08,202.940002,204.850006,202.509995,204.820007,3601700,152.130493
IBM,2013-05-09,204.690002,205,202.720001,203.240005,3542300,150.957016
IBM,2013-05-10,203.369995,204.529999,202.820007,204.470001,3279200,151.87056
IBM,2013-05-13,204.179993,204.470001,202.220001,202.470001,3648400,150.385071
IBM,2013-05-14,202.089996,203.669998,202.080002,203.210007,3699700,150.934708
IBM,2013-05-15,202.25,203.679993,202.039993,203.320007,4028100,151.016449
IBM,2013-05-16,204,206.589996,204,204.690002,4507000,152.033951
IBM,2013-05-17,205.25,209.5,204.990005,208.440002,5704100,154.81926
IBM,2013-05-20,208.020004,209.149994,207.419998,207.600006,3614500,154.195374
IBM,2013-05-21,207.240005,209.479996,207,208.649994,2982900,154.975235
IBM,2013-05-22,208.5,210.149994,206.119995,206.990005,5186800,153.742249
IBM,2013-05-23,205.479996,208.610001,205.130005,206.160004,5179100,153.125824
IBM,2013-05-24,204.690002,206.429993,204.419998,205.720001,3295800,152.798996
IBM,2013-05-28,207.440002,208.589996,207.160004,207.779999,4011500,154.329086
IBM,2013-05-29,206.220001,208.419998,206.039993,207.919998,3439400,154.433044
IBM,2013-05-30,206.970001,210.990005,206.970001,209.360001,4399700,155.502609
IBM,2013-05-31,208.589996,211.979996,208.020004,208.020004,4949000,154.507309
IBM,2013-06-03,208.25,210.050003,207.330002,208.949997,3322000,155.19809
IBM,2013-06-04,208.600006,209,205.080002,206.190002,3598300,153.148087
IBM,2013-06-05,205.160004,206.289993,202.399994,202.740005,4215400,150.585602
IBM,2013-06-06,203,204.199997,201.470001,203.800003,3679400,151.372925
IBM,2013-06-07,204.850006,206.350006,204.110001,206.350006,2953400,153.266968
IBM,2013-06-10,206.970001,206.979996,204.899994,205.020004,2652300,152.279053
IBM,2013-06-11,203.169998,205.949997,202.509995,203.979996,2814400,151.506622
IBM,2013-06-12,204.589996,205.229996,200.509995,201.199997,3409800,149.441788
IBM,2013-06-13,201.009995,204.399994,200.339996,203.770004,2899500,151.350632
IBM,2013-06-14,203.970001,204.740005,201.809998,202.199997,2804500,150.184509
IBM,2013-06-17,203.440002,205.169998,202.550003,203.039993,3219900,150.80838
IBM,2013-06-18,203.020004,206.089996,202.869995,204.869995,3277800,152.167603
IBM,2013-06-19,204.440002,205.029999,201.929993,201.940002,2846100,149.991425
IBM,2013-06-20,200.669998,201.699997,197.279999,197.350006,4514800,146.582138
IBM,2013-06-21,198.5,198.520004,193.539993,195.460007,8914800,145.178391
IBM,2013-06-24,193.990005,194.910004,191.339996,193.539993,4356200,143.752289
IBM,2013-06-25,195.309998,195.589996,193.149994,194.979996,3846200,144.821854
IBM,2013-06-26,195.970001,196.229996,194.5,194.860001,3320200,144.732681
IBM,2013-06-27,196.050003,196.899994,195.289993,195.649994,3514200,145.319443
IBM,2013-06-28,191.729996,192.660004,188.410004,191.110001,10055800,141.947418
IBM,2013-07-01,192.149994,193.800003,191.119995,191.279999,4442400,142.073624
IBM,2013-07-02,190.779999,193.229996,190.259995,191.5,3657700,142.237091
IBM,2013-07-03,190.979996,194.220001,190.509995,193.25,1872600,143.53688
IBM,2013-07-05,194.490005,195.160004,192.350006,194.929993,2405400,144.784698
IBM,2013-07-08,195.600006,195.779999,194.610001,194.979996,2947500,144.821854
IBM,2013-07-09,191.880005,192.800003,190.779999,191.300003,5204200,142.088516
IBM,2013-07-10,191.509995,193.429993,191.270004,192.25,3892000,142.794113
IBM,2013-07-11,193.779999,194.110001,192.610001,192.800003,4177500,143.202591
IBM,2013-07-12,193.070007,193.699997,191.589996,192.070007,4494700,142.660431
IBM,2013-07-15,192.419998,194.889999,191.679993,194,5674700,144.093948
IBM,2013-07-16,194.039993,194.580002,192.679993,193.850006,3745300,143.982544
IBM,2013-07-17,194.720001,194.889999,193.029999,194.550003,6868400,144.502487
IBM,2013-07-18,198.270004,200.940002,195.990005,197.990005,8393400,147.057556
IBM,2013-07-19,197.910004,197.990005,193.240005,193.539993,6997600,143.752289
IBM,2013-07-22,193.399994,195.789993,193.279999,194.089996,3398000,144.160782
IBM,2013-07-23,194.210007,196.429993,194.100006,194.979996,2863800,144.821854
IBM,2013-07-24,195.949997,197.300003,195.860001,196.610001,2957900,146.032532
IBM,2013-07-25,196.300003,197.830002,195.660004,197.220001,3014300,146.485611
IBM,2013-07-26,196.589996,197.369995,195,197.350006,2485100,146.582138
IBM,2013-07-29,196.830002,197.190002,195.529999,196.210007,2113700,145.735413
IBM,2013-07-30,196.990005,197.830002,195.809998,196.009995,2663200,145.586868
IBM,2013-07-31,194.490005,196.910004,194.490005,195.039993,3810000,144.866364
IBM,2013-08-01,196.649994,197.169998,195.410004,195.809998,2877700,145.438309
IBM,2013-08-02,195.5,195.5,193.220001,195.160004,3874000,144.955566
IBM,2013-08-05,195.160004,195.880005,194.350006,195.5,2490900,145.208054
IBM,2013-08-06,192.259995,192.509995,190.270004,190.990005,5938500,141.858307
IBM,2013-08-07,189.600006,189.929993,188.050003,188.559998,3901700,140.753448
IBM,2013-08-08,189.449997,189.869995,186.789993,187.929993,4547600,140.283249
IBM,2013-08-09,188,189.160004,187,187.820007,3249600,140.201126
IBM,2013-08-12,186.970001,189.559998,186.889999,189.089996,3026500,141.149109
IBM,2013-08-13,189.539993,189.990005,187.559998,188.419998,3542900,140.648987
IBM,2013-08-14,188.580002,188.929993,187.300003,187.529999,2892300,139.98465
IBM,2013-08-15,186.229996,187,185.449997,185.789993,3692400,138.68576
IBM,2013-08-16,185.539993,186.460007,185.339996,185.339996,3426400,138.349884
IBM,2013-08-19,185.300003,186.5,183.979996,184.229996,3248900,137.521317
IBM,2013-08-20,184.369995,185.630005,183.169998,184.559998,3117800,137.767609
IBM,2013-08-21,184.669998,186.570007,184.279999,184.860001,3551000,137.991531
IBM,2013-08-22,185.649994,186.25,184.25,185.190002,2354300,138.2379
IBM,2013-08-23,185.339996,185.740005,184.570007,185.419998,2292700,138.409576
IBM,2013-08-26,185.270004,187,184.679993,184.740005,2170400,137.902008
IBM,2013-08-27,183.630005,184.5,182.570007,182.740005,3190700,136.409058
IBM,2013-08-28,182.679993,183.470001,181.100006,182.160004,3979200,135.976151
IBM,2013-08-29,181.960007,183.699997,181.440002,182.639999,2980900,136.334412
IBM,2013-08-30,182.75,182.990005,181.509995,182.270004,2731000,136.058243
IBM,2013-09-03,183.630005,184.320007,182.509995,183.960007,3487200,137.319733
IBM,2013-09-04,183.580002,184.190002,182.309998,183.130005,2597900,136.70018
IBM,2013-09-05,183.350006,185,183.070007,184.149994,2867600,137.461578
IBM,2013-09-06,184.649994,184.990005,182.649994,183.029999,2903500,136.625519
IBM,2013-09-09,183.679993,185.490005,183.309998,184.979996,3017200,138.0811
IBM,2013-09-10,187.199997,187.649994,186.369995,186.600006,3149600,139.290451
IBM,2013-09-11,186.830002,190.869995,186.820007,190.699997,4962900,142.350906
IBM,2013-09-12,190.960007,191.320007,189.850006,190.729996,3354800,142.373322
IBM,2013-09-13,191.210007,193.100006,191,192.169998,3710400,143.448196
IBM,2013-09-16,193.699997,194.809998,192.610001,193.149994,3902400,144.179749
IBM,2013-09-17,193.419998,194.149994,191.830002,192.160004,2930900,143.44075
IBM,2013-09-18,192.600006,194.889999,192,194.419998,3841800,145.127762
IBM,2013-09-19,194.179993,194.889999,193.220001,193.389999,3178100,144.358917
IBM,2013-09-20,193.960007,194.429993,190.020004,190.020004,8525900,141.843353
IBM,2013-09-23,190.059998,192.410004,189.330002,190.990005,3340800,142.567444
IBM,2013-09-24,190.929993,191.559998,189.660004,189.970001,3085300,141.805969
IBM,2013-09-25,190.139999,190.619995,188.5,189.470001,2654500,141.432755
IBM,2013-09-26,190.100006,191.759995,189.460007,190.220001,2093600,141.99263
IBM,2013-09-27,188.869995,188.940002,186.449997,186.919998,3905500,139.529282
IBM,2013-09-30,185.559998,186.740005,184.339996,185.179993,3978200,138.230453
IBM,2013-10-01,185.339996,186.649994,184.649994,186.380005,2681200,139.12619
IBM,2013-10-02,185.539993,186.309998,184.410004,184.960007,3617100,138.066208
IBM,2013-10-03,184.699997,184.960007,183,183.860001,3211800,137.245087
IBM,2013-10-04,184.169998,185.130005,183.580002,184.100006,2863600,137.424255
IBM,2013-10-07,181.850006,183.309998,181.850006,182.009995,3966400,135.864182
IBM,2013-10-08,181.889999,181.990005,178.710007,178.720001,5578300,133.408234
IBM,2013-10-09,179.369995,181.669998,179.100006,181.320007,4423500,135.349075
IBM,2013-10-10,183.169998,184.770004,182.360001,184.770004,3658900,137.924377
IBM,2013-10-11,185.25,186.229996,184.119995,186.160004,3232600,138.96196
IBM,2013-10-14,185.410004,186.990005,184.419998,186.970001,2663100,139.566635
IBM,2013-10-15,185.740005,185.940002,184.220001,184.660004,3365100,137.842255
IBM,2013-10-16,185.419998,186.729996,184.990005,186.729996,6718000,139.387451
IBM,2013-10-17,173.839996,177,172.570007,174.830002,22368900,130.504532
IBM,2013-10-18,174.800003,175,173.25,173.779999,10548000,129.720718
IBM,2013-10-21,174.419998,174.75,172.630005,172.860001,7098700,129.033997
IBM,2013-10-22,173.350006,175.570007,172.949997,174.970001,6977300,130.609039
IBM,2013-10-23,175.089996,175.990005,174.399994,175.770004,5409400,131.206223
IBM,2013-10-24,176.429993,177.889999,176.25,177.800003,5533300,132.721512
IBM,2013-10-25,178.429993,179.100006,176.259995,176.850006,4842800,132.01236
IBM,2013-10-28,177.039993,177.889999,176.199997,177.350006,3712700,132.38559
IBM,2013-10-29,177.619995,182.320007,177.5,182.119995,8904600,135.946274
IBM,2013-10-30,181.690002,182.179993,179.860001,180.149994,5273700,134.475677
IBM,2013-10-31,179.649994,181.669998,179.039993,179.210007,4318100,133.774033
IBM,2013-11-01,179.809998,180.339996,178.880005,179.229996,3644500,133.788956
IBM,2013-11-04,179.899994,180.800003,179.339996,180.270004,3483300,134.565338
IBM,2013-11-05,179.539993,179.800003,177.710007,177.850006,6096800,132.758835
IBM,2013-11-06,177.910004,179.75,177.779999,179.190002,4560700,134.477386
IBM,2013-11-07,179.600006,181.389999,179.600006,180,5219500,135.085312
IBM,2013-11-08,178.830002,180.080002,177.350006,179.990005,6275000,135.077835
IBM,2013-11-11,180.190002,183.389999,180.039993,182.880005,5222300,137.246613
IBM,2013-11-12,182.529999,184.050003,182.259995,183.070007,4258500,137.389282
IBM,2013-11-13,182.270004,183.550003,181.589996,183.550003,4704400,137.749496
IBM,2013-11-14,180.479996,183.199997,179.660004,182.210007,6321500,136.743866
IBM,2013-11-15,182.380005,183.279999,181.160004,183.190002,5176100,137.479294
IBM,2013-11-18,183.520004,184.990005,183.270004,184.470001,5344900,138.439926
IBM,2013-11-19,184.630005,186.199997,184.149994,185.25,4577000,139.025284
IBM,2013-11-20,185.220001,186.240005,184.649994,185.190002,3645800,138.980286
IBM,2013-11-21,185.539993,185.75,183.410004,184.130005,4459500,138.184784
IBM,2013-11-22,183.5,184.990005,179.919998,181.300003,7610200,136.060928
IBM,2013-11-25,180.25,180.75,177.820007,178.940002,7161900,134.289795
IBM,2013-11-26,178.669998,178.940002,177.309998,177.309998,5756000,133.066513
IBM,2013-11-27,177.830002,180.179993,177.820007,178.970001,4596500,134.312302
IBM,2013-11-29,179.210007,180.759995,179,179.679993,2870500,134.845169
IBM,2013-12-02,179.460007,179.589996,177.119995,177.479996,4560000,133.194138
IBM,2013-12-03,177,178.229996,175.639999,176.080002,5864000,132.143433
IBM,2013-12-04,175.369995,177.5,175.160004,175.740005,5267400,131.88829
IBM,2013-12-05,176.149994,176.860001,175.279999,176.080002,4384900,132.143433
IBM,2013-12-06,176.699997,178,176.009995,177.669998,4739800,133.336716
IBM,2013-12-09,177.990005,178.149994,176.830002,177.460007,3796600,133.179153
IBM,2013-12-10,176.899994,177.669998,176.059998,177.119995,4127800,132.923935
IBM,2013-12-11,177,177.759995,175.100006,175.199997,4090400,131.483017
IBM,2013-12-12,175.059998,175.800003,173.300003,173.369995,5671600,130.109634
IBM,2013-12-13,173.520004,174.380005,172.729996,172.800003,4184400,129.6819
IBM,2013-12-16,173.220001,178.350006,172.729996,177.850006,7517000,133.471802
IBM,2013-12-17,177.360001,177.490005,175.119995,175.759995,5471900,131.90332
IBM,2013-12-18,176.449997,178.740005,174.850006,178.699997,5697700,134.109711
IBM,2013-12-19,177.880005,180.539993,177.880005,180.220001,5927000,135.250427
IBM,2013-12-20,180.119995,182,180.020004,180.020004,7653500,135.100327
IBM,2013-12-23,181.050003,182.929993,180.610001,182.229996,4079900,136.758865
IBM,2013-12-24,181.960007,183.5,181.910004,183.220001,1613600,137.501816
IBM,2013-12-26,183.559998,185.559998,183.509995,185.350006,3325700,139.100342
IBM,2013-12-27,185.839996,186.5,184.559998,185.080002,3381600,138.897736
IBM,2013-12-30,185.320007,186.699997,184.669998,186.410004,3018600,139.895828
IBM,2013-12-31,186.490005,187.789993,186.300003,187.570007,3619700,140.766388
